AssetId,Asset Classes,Subclasses,Risk,Investment Horizon,Return,Liquidity,,Theme
10000,Equities,LargeCap,Medium,Long,Medium,High,,Aggressive
10001,Equities,MediumCap,High,Long,High,High,,Very Aggressive
10002,Equities,SmallCap,High,Long,High,High,,Very Aggressive
40001,Mutual Fund,Bond Funds,Low,Any,Medium,Medium,,Conservative
40002,Mutual Fund,Index Funds,Medium,Any,Medium,Medium,,Moderately Aggressive
40003,Mutual Fund,Balanced Funds,Medium,Long,High,High,,Conservative
40004,Mutual Fund,Money Market Funds,Low,Short,Low,High,,Very Aggressive
40005,Mutual Fund,Income Funds,High,Long,High,High,,Moderately Aggressive
40006,Mutual Fund,Speciality Funds,High,Long,High,High,,Aggressive
40007,Mutual Fund,Exchange Traded Funds (ETF),Medium,Any,Medium,High,,Aggressive
50001,Real estate,Residential,High,Long,High,Low,,Aggressive
50002,Real estate,Commercial,High,Long,High,Low,,Very Aggressive
60001,Gold,Mining,Low,Long,Medium,Low,,Very Aggressive
