Id,Symbol,Description,Sector,Industry,Exchange,Currency,isin number,Previous Price,Last Price,Time Stamp,Equity_category,assetId,Asset class name
1,LTIM,LTIMINDTREE LTD,Commercial Services,Miscellaneous Commercial Services,NSE,INR,INE214T01231,4200.15,4200.15,17-Apr-23,Larger Cap,10000,
2,GLOBAL,GLOBAL EDUCATION LTD,Commercial Services,Miscellaneous Commercial Services,NSE,INR,INE214T01019,157.4,157.4,17-Apr-23,Larger Cap,10000,
3,VERANDA,VERANDA LEARNING SOL LTD,Commercial Services,Miscellaneous Commercial Services,NSE,INR,INE520J01028,196.2,196.2,17-Apr-23,Larger Cap,10002,
4,AGRITECH,AGRI-TECH (INDIA),Commercial Services,Miscellaneous Commercial Services,NSE,INR,INE0IQ001011,94.15,94.15,17-Apr-23,Larger Cap,10002,
5,RITES,RITES LTD,Commercial Services,Miscellaneous Commercial Services,NSE,INR,INE449G01018,346.7,346.7,17-Apr-23,Larger Cap,10000,
6,FSL,FIRSTSOURCE SOLUTI,Commercial Services,Miscellaneous Commercial Services,NSE,INR,INE299D01014,112.8,112.8,17-Apr-23,Larger Cap,10001,
7,SIS,SIS LTD,Commercial Services,Miscellaneous Commercial Services,NSE,INR,INE684F01012,371.15,371.15,17-Apr-23,Larger Cap,10001,
8,SYNGENE,SYNGENE INTERNATIO,Commercial Services,Miscellaneous Commercial Services,NSE,INR,INE04SF01012,618.9,618.9,17-Apr-23,Larger Cap,10001,
9,RADIANTCMS,RADIANT CASH MGMT SER LTD,Commercial Services,Miscellaneous Commercial Services,NSE,INR,INE398R01022,97.15,97.15,17-Apr-23,Larger Cap,10002,
10,CAREERP,CAREER POINT LTD,Commercial Services,Miscellaneous Commercial Services,NSE,INR,INE855R01021,238.9,238.9,17-Apr-23,Larger Cap,10002,
11,ARSHIYA,ARSHIYA LTD,Commercial Services,Miscellaneous Commercial Services,NSE,INR,INE521J01018,6,6,17-Apr-23,Larger Cap,10002,
12,ARIHANTACA,ARIHANT ACADEMY LTD,Commercial Services,Miscellaneous Commercial Services,NSE,INR,INE968D01022,115,115,17-Apr-23,Larger Cap,10002,
13,SPCENET,SPACENET ENTERPRIS,Commercial Services,Advertising/Marketing Services,NSE,INR,INE0NCC01015,18.1,18.1,17-Apr-23,Larger Cap,10002,
14,DUGLOBAL,DUDIGITAL GLOBAL LTD,Commercial Services,Miscellaneous Commercial Services,NSE,INR,INE970N01027,169,169,17-Apr-23,Larger Cap,10002,
15,REPRO,REPRO INDIA LTD,Commercial Services,Commercial Printing/Forms,NSE,INR,INE0HPK01020,380.25,380.25,17-Apr-23,Larger Cap,10002,
16,KAPSTON,KAPSTON FACILITIES MGMT L,Commercial Services,Miscellaneous Commercial Services,NSE,INR,INE461B01014,137,137,17-Apr-23,Larger Cap,10001,
17,VIMTALABS,VIMTA LABORATORIES,Commercial Services,Miscellaneous Commercial Services,NSE,INR,INE542Z01010,357,357,17-Apr-23,Larger Cap,10002,
18,PRESSMN,PRESSMAN ADVERTISI,Commercial Services,Advertising/Marketing Services,NSE,INR,INE579C01029,79.05,79.05,17-Apr-23,Larger Cap,10002,
19,MAPMYINDIA,C.E. INFO SYSTEMS LTD,Commercial Services,Miscellaneous Commercial Services,NSE,INR,INE980A01023,1016,1016,17-Apr-23,Larger Cap,10002,
20,ICRA,ICRA LTD,Commercial Services,Financial Publishing/Services,NSE,INR,INE0BV301023,4769.95,4769.95,17-Apr-23,Larger Cap,10001,
21,VERTOZ,VERTOZ ADVERTISING LTD,Commercial Services,Advertising/Marketing Services,NSE,INR,INE725G01011,214.95,214.95,17-Apr-23,Larger Cap,10002,
22,AGSTRA,AGS TRANSACT TECH LTD,Commercial Services,Miscellaneous Commercial Services,NSE,INR,INE188Y01015,51.35,51.35,17-Apr-23,Larger Cap,10002,
23,TEAMLEASE,TEAMLEASE SERVICES,Commercial Services,Personnel Services,NSE,INR,INE583L01014,2176.5,2176.5,17-Apr-23,Larger Cap,10001,
24,SUVIDHAA,SUVIDHAA INFOSERVE LTD,Commercial Services,Miscellaneous Commercial Services,NSE,INR,INE985S01024,4.45,4.45,17-Apr-23,Larger Cap,10002,
25,AISL,ANI INTEGRATED SER,Commercial Services,Personnel Services,NSE,INR,INE018401013,42,42,17-Apr-23,Larger Cap,10002,
26,RTNINDIA,RATTANINDIA ENT LTD,Commercial Services,Miscellaneous Commercial Services,NSE,INR,INE635Y01015,38.55,38.55,17-Apr-23,Larger Cap,10002,
27,NOIDATOLL,NOIDA TOLL BRIDGE,Commercial Services,Advertising/Marketing Services,NSE,INR,INE834M01019,6.85,6.85,17-Apr-23,Larger Cap,10002,
28,KHFM,KHFM H AND F MGT S,Commercial Services,Miscellaneous Commercial Services,NSE,INR,INE781B01015,38.35,38.35,17-Apr-23,Larger Cap,10002,
29,4THDIM,FOURTH DIMENSION SOL L,Commercial Services,Miscellaneous Commercial Services,NSE,INR,INE00UG01014,29.85,29.85,17-Apr-23,Larger Cap,10002,
30,INFIBEAM,INFIBEAM AVENUES L,Commercial Services,Miscellaneous Commercial Services,NSE,INR,INE382T01030,13.65,13.65,17-Apr-23,Larger Cap,10001,
31,ONEPOINT,ONE POINT ONE SOLU,Commercial Services,Miscellaneous Commercial Services,NSE,INR,INE483S01020,18.55,18.55,17-Apr-23,Larger Cap,10002,
32,SMARTFIN,SMART FINSEC LIMITED,Commercial Services,Miscellaneous Commercial Services,BSE,INR,INE840Y01011,7.02,7.02,17-Apr-23,Larger Cap,10002,
33,DYNAMIC,DYNAMIC SERVICES &,Commercial Services,Miscellaneous Commercial Services,NSE,INR,INE766D01012,63,63,17-Apr-23,Larger Cap,10002,
34,NIITLTD,NIIT,Commercial Services,Miscellaneous Commercial Services,NSE,INR,INE03T201013,359.4,359.4,17-Apr-23,Larger Cap,10002,
35,ANTGRAPHIC,ANTARCTICA LTD,Commercial Services,Commercial Printing/Forms,NSE,INR,INE161A01038,0.7,0.7,17-Apr-23,Larger Cap,10002,
36,APTECHT,APTECH LTD,Commercial Services,Miscellaneous Commercial Services,NSE,INR,INE414B01021,404.4,404.4,17-Apr-23,Larger Cap,10002,
37,QUESS,QUESS CORP LTD,Commercial Services,Personnel Services,NSE,INR,INE266F01018,363.75,363.75,17-Apr-23,Larger Cap,10001,
38,CYIENT,CYIENT LTD,Commercial Services,Miscellaneous Commercial Services,NSE,INR,INE615P01015,1068.7,1068.7,17-Apr-23,Larger Cap,10001,
39,VERTEXPLUS.ST,VERTEXPLUS TECHNOLOGIES L,Commercial Services,Miscellaneous Commercial Services,NSE,INR,INE136B01020,105.9,105.9,17-Apr-23,Larger Cap,10002,
40,EDUCOMP,EDUCOMP SOLUTIONS,Commercial Services,Miscellaneous Commercial Services,NSE,INR,INE0NLB01018,1.65,1.65,17-Apr-23,Larger Cap,10002,
41,AXISCADES,AXISCADES TECHNOLO,Commercial Services,Miscellaneous Commercial Services,NSE,INR,INE216H01027,309.85,309.85,17-Apr-23,Larger Cap,10002,
42,KEEPLEARN,DSJ KEEP LEARNING,Commercial Services,Commercial Printing/Forms,NSE,INR,INE555B01013,3.7,3.7,17-Apr-23,Larger Cap,10002,
43,QUADPRO,QUADPRO ITES LTD,Commercial Services,Miscellaneous Commercial Services,NSE,INR,INE055C01020,5,5,17-Apr-23,Larger Cap,10002,
44,CHOICEIN,CHOICE INTERNATIONAL LTD,Commercial Services,Miscellaneous Commercial Services,NSE,INR,INE0GOJ01027,309.7,309.7,17-Apr-23,Larger Cap,10002,
45,CLEDUCATE,CL EDUCATE LTD,Commercial Services,Miscellaneous Commercial Services,NSE,INR,INE102B01014,54.45,54.45,17-Apr-23,Larger Cap,10002,
46,ECLERX,ECLERX SERVICES,Commercial Services,Miscellaneous Commercial Services,NSE,INR,INE201M01029,1315.5,1315.5,17-Apr-23,Larger Cap,10002,
47,FCSSOFT,FCS SOFTWARE SOLUT,Commercial Services,Miscellaneous Commercial Services,NSE,INR,INE738I01010,2.15,2.15,17-Apr-23,Larger Cap,10002,
48,TCPLPACK,TCPL PACKAGING LTD,Commercial Services,Commercial Printing/Forms,NSE,INR,INE512B01022,1454.85,1454.85,17-Apr-23,Larger Cap,10002,
49,TOUCHWOOD,TOUCHWOOD ENTERTAI,Commercial Services,Miscellaneous Commercial Services,NSE,INR,INE822C01015,227.35,227.35,17-Apr-23,Larger Cap,10002,
50,NBCC,NBCC (INDIA) LTD,Commercial Services,Miscellaneous Commercial Services,NSE,INR,INE486Y01013,39.1,39.1,17-Apr-23,Larger Cap,10001,
51,EXCEL,EXCEL REALTY N INF,Commercial Services,Miscellaneous Commercial Services,NSE,INR,INE095N01031,889.65,889.65,17-Apr-23,Larger Cap,10002,
52,KANDARP,KANDARP DIGI SMART,Commercial Services,Miscellaneous Commercial Services,NSE,INR,INE688J01023,18,18,17-Apr-23,Larger Cap,10002,
53,SECURCRED,SECUR CREDENTIALS LTD,Commercial Services,Financial Publishing/Services,NSE,INR,INE0MOT01016,22.2,22.2,17-Apr-23,Larger Cap,10002,
54,DJML,DJ MEDIAPRINT & LOG LTD,Commercial Services,Commercial Printing/Forms,NSE,INR,INE195Y01010,62.6,62.6,17-Apr-23,Larger Cap,10002,
55,MITCON,MITCON CON,Commercial Services,Miscellaneous Commercial Services,NSE,INR,INE0B1K01014,73.3,73.3,17-Apr-23,Larger Cap,10002,
56,CARERATING,CARE RATINGS LTD,Commercial Services,Financial Publishing/Services,NSE,INR,INE0B1K01014,667.5,667.5,17-Apr-23,Larger Cap,10002,
57,ADROITINFO,ADROIT INFOTECH LTD,Commercial Services,Miscellaneous Commercial Services,NSE,INR,INE828O01033,26.45,26.45,17-Apr-23,Larger Cap,10002,
58,RMCL,RADHA MADHAV CORP,Commercial Services,Miscellaneous Commercial Services,NSE,INR,INE752H01013,122.8,122.8,17-Apr-23,Larger Cap,10002,
59,ADL,ARCHIDPLY DECOR LIMTED,Commercial Services,Miscellaneous Commercial Services,NSE,INR,INE737B01033,63.5,63.5,17-Apr-23,Larger Cap,10002,
60,HGS,HINDUJA GLOBAL SOL,Commercial Services,Miscellaneous Commercial Services,NSE,INR,INE172H01014,1055.8,1055.8,17-Apr-23,Larger Cap,10002,
61,WEWIN,WE WIN LTD,Commercial Services,Miscellaneous Commercial Services,NSE,INR,INE0CHO01012,42.66,42.66,17-Apr-23,Larger Cap,10002,
62,IPSL,INTEGRATED PERSONN,Commercial Services,Personnel Services,NSE,INR,INE170I01016,83.75,83.75,17-Apr-23,Larger Cap,10002,
63,DGCONTENT,DIGICONTENT LTD,Commercial Services,Commercial Printing/Forms,NSE,INR,INE082W01014,14.3,14.3,17-Apr-23,Larger Cap,10002,
64,AARVI,AARVI ENCON LTD,Commercial Services,Personnel Services,NSE,INR,INE02EE01019,133.6,133.6,17-Apr-23,Larger Cap,10002,
65,SNOWMAN,SNOWMAN LOGISTICS,Commercial Services,Miscellaneous Commercial Services,NSE,INR,INE03JI01017,33.1,33.1,17-Apr-23,Larger Cap,10001,
66,ALLSEC,ALLSEC TECHNOLOGIE,Commercial Services,Miscellaneous Commercial Services,NSE,INR,INE754X01016,476.85,476.85,17-Apr-23,Larger Cap,10002,
67,LATENTVIEW,LATENT VIEW ANALYTICS LTD,Commercial Services,Miscellaneous Commercial Services,NSE,INR,INE734N01019,358.7,358.7,17-Apr-23,Larger Cap,10000,
68,BNRUDY,BNR UDYOG LTD.,Commercial Services,Miscellaneous Commercial Services,BSE,INR,INE835G01018,49.76,49.76,17-Apr-23,Larger Cap,10001,
69,SUPRAP,SUPRA PACIFIC MANAGEMENT CONSU,Commercial Services,Miscellaneous Commercial Services,BSE,INR,INE0I7C01011,20.37,20.37,17-Apr-23,Larger Cap,10000,
70,ESHAMEDIA,ESHA MEDIA RESEARCH LIMITED,Commercial Services,Miscellaneous Commercial Services,BSE,INR,INE355C01016,4.75,4.75,17-Apr-23,Larger Cap,10002,
71,NETLINK,NETLINK SOLUTIONS (INDIA) LTD.,Commercial Services,Miscellaneous Commercial Services,BSE,INR,INE268T01015,60.7,60.7,17-Apr-23,Larger Cap,10001,
72,SHANGAR,SHANGAR DECOR LIMITED,Commercial Services,Miscellaneous Commercial Services,BSE,INR,INE328F01016,3.28,3.28,17-Apr-23,Larger Cap,10002,
73,MAJESAUT,MAJESTIC AUTO LTD.,Commercial Services,Miscellaneous Commercial Services,BSE,INR,INE040F01033,137.35,137.35,17-Apr-23,Larger Cap,10001,
74,KINETRU,KINETIC TRUST LTD.,Commercial Services,Miscellaneous Commercial Services,BSE,INR,INE118R01016,8.6,8.6,17-Apr-23,Larger Cap,10002,
75,VISVEN,VISHVPRABHA VENTURES LIMITED,Commercial Services,Miscellaneous Commercial Services,BSE,INR,INE201B01022,78.86,78.86,17-Apr-23,Larger Cap,10002,
76,CASPIAN,CASPIAN CORPORATE SERVICES LIM,Commercial Services,Miscellaneous Commercial Services,BSE,INR,INE674M01019,21.96,21.96,17-Apr-23,Larger Cap,10002,
77,DAPS,DAPS ADVERTISING LIMITED,Commercial Services,Advertising/Marketing Services,BSE,INR,INE762D01011,18.79,18.79,17-Apr-23,Larger Cap,10002,
78,BODHTREE,BODHTREE CONSULTING LIMITED,Commercial Services,Miscellaneous Commercial Services,BSE,INR,INE176N01021,6.4,6.4,17-Apr-23,Larger Cap,10002,
79,JAYKAY,JAYKAY ENTERPRISES LTD.,Commercial Services,Miscellaneous Commercial Services,BSE,INR,INE975Z01012,52,52,17-Apr-23,Larger Cap,10002,
80,GGPL,GALA GLOBAL PRODUCTS LIMITED,Commercial Services,Commercial Printing/Forms,BSE,INR,INE104F01011,7.39,7.39,17-Apr-23,Larger Cap,10002,
81,ALPHALOGIC,ALPHALOGIC TECHSYS LIMITED,Commercial Services,Miscellaneous Commercial Services,BSE,INR,INE903A01025,39,39,17-Apr-23,Larger Cap,10002,
82,KIRANPR,KIRAN PRINT-PACK LTD.,Commercial Services,Commercial Printing/Forms,BSE,INR,INE480S01026,5.5,5.5,17-Apr-23,Larger Cap,10002,
83,CHOKSILA,CHOKSI LABORATORIES LTD.,Commercial Services,Miscellaneous Commercial Services,BSE,INR,INE08E401011,35.47,35.47,17-Apr-23,Larger Cap,10002,
84,AMBITION,AMBITION MICA LIMITED,Commercial Services,Miscellaneous Commercial Services,BSE,INR,INE516D01011,5.5,5.5,17-Apr-23,Larger Cap,10002,
85,CIL,CITIZEN INFOLINE LTD.,Commercial Services,Advertising/Marketing Services,BSE,INR,INE493D01013,227.35,227.35,17-Apr-23,Larger Cap,10002,
86,PREMCAP,PREMIER CAPITAL SERVICES LTD.,Commercial Services,Miscellaneous Commercial Services,BSE,INR,INE563S01011,4.74,4.74,17-Apr-23,Larger Cap,10002,
87,SHARIKA,SHARIKA ENTERPRISES LIMITED,Commercial Services,Miscellaneous Commercial Services,BSE,INR,INE473L01018,5.45,5.45,17-Apr-23,Larger Cap,10002,
88,LIBORDFIN,LIBORD FINANCE LTD,Commercial Services,Miscellaneous Commercial Services,BSE,INR,INE946K01023,6.68,6.68,17-Apr-23,Larger Cap,10002,
89,SEIL,SHANTI EDUCATIONAL INITIATIVES,Commercial Services,Miscellaneous Commercial Services,BSE,INR,INE669Y01014,82.25,82.25,17-Apr-23,Larger Cap,10002,
90,POBS,PLATINUMONE BUSINESS SERVICES,Commercial Services,Miscellaneous Commercial Services,BSE,INR,INE212B01011,173,173,17-Apr-23,Larger Cap,10002,
91,VKAL,VANTAGE KNOWLEDGE ACADEMY LIMI,Commercial Services,Miscellaneous Commercial Services,BSE,INR,INE440T01010,227.3,227.3,17-Apr-23,Larger Cap,10002,
92,UNICK,UNICK FIX-A- FORM AND PRINTERS,Commercial Services,Miscellaneous Commercial Services,BSE,INR,INE0DTJ01015,39.8,39.8,17-Apr-23,Larger Cap,10002,
93,SUGALDAM,SUGAL & DAMANI SHARE BROKERS L,Commercial Services,Miscellaneous Commercial Services,BSE,INR,INE427T01017,15.56,15.56,17-Apr-23,Larger Cap,10002,
94,MADHUVEER,MADHUVEER COM 18 NETWORK LIMIT,Commercial Services,Miscellaneous Commercial Services,BSE,INR,INE250G01010,12.2,12.2,17-Apr-23,Larger Cap,10002,
95,ATHARVENT,ATHARV ENTERPRISES LTD.,Commercial Services,Miscellaneous Commercial Services,BSE,INR,INE309D01011,2.88,2.88,17-Apr-23,Larger Cap,10002,
96,MAAGHADV,MAAGH ADVERTISING AND MARKETIN,Commercial Services,Advertising/Marketing Services,BSE,INR,INE312M01016,19.69,19.69,17-Apr-23,Larger Cap,10002,
97,PRISMX,PRISMX GLOBAL VENTURES LIMITED,Commercial Services,Miscellaneous Commercial Services,BSE,INR,INE354E01031,2.28,2.28,17-Apr-23,Larger Cap,10002,
98,ISTRNETWK,ISTREET NETWORK LIMITED,Commercial Services,Miscellaneous Commercial Services,BSE,INR,INE0KY201013,1.99,1.99,17-Apr-23,Larger Cap,10002,
99,PROCLB,PRO CLB GLOBAL LIMITED,Commercial Services,Miscellaneous Commercial Services,BSE,INR,INE0B2O01014,6.53,6.53,17-Apr-23,Larger Cap,10002,
100,SBIETFPB,SBI Mutual Fund,Finance ,Regional Banks,NSE ,INR,INF200KA1S22,196.147,338.3,5/2/2023,Large cap,40001,Mutual Funds
101,ICICINXT50,ICICI Prudential Mutual Fund,Finance ,Life/Health Insurance,NSE ,INR,INF109KC1NS5,41.11,90.23,2/5/2023,Large cap,40001,Mutual Funds
102,HDFCSENETF,HDFC Mutual Fund,Finance ,Multi-Line Insurance,NSE ,INR,INF179KC1973,668.87,1768,2/5/2023,Large cap,40002,Mutual Funds
103,ABSLAMC,Aditya Birla Sun Life Mutual Fund,Finance ,Multi-Line Insurance,NSE ,INR,INE404A01024,339.7,338.15,2/5/2023,Large cap,40003,Mutual Funds
104,KOTAKBANK,Kotak Mutual  Fund,Finance ,Major Banks,NSE ,INR,INE237A01028,1923.8,1918,2/5/2023,Large cap,40004,Mutual Funds
105,LT,L & T Mutual Fund,Finance ,Investment Banks/Brokers,NSE ,INR,INE018A01030,2386.7,2416.35,2/5/2023,Large cap,40004,Mutual Funds
106,TNIDETF,TATA Mutual Fund,Finance ,Investment Banks/Brokers,NSE ,INR,INF277KA1364,54.01,324.73,2/5/2023,Large cap,40004,Mutual Funds
107,NAM-INDIA,Nippon  India Mutual Fund,Finance ,Investment Banks/Brokers,BSE,INR,INE298J01013,238.38,121.02,2/5/2023,Large cap,40005,Mutual Funds
108,SUNDARAM,Sundaram Mutual Fund,Finance ,Finance/Rental/Leasing,NSE ,INR,INE108E01023,2339.9,2375,2/5/2023,Large cap,40006,Mutual Funds
109,DSPN50ETF,DSP BlackRock Mutual Fund,Finance ,Multi-Line Insurance,NSE,INR,INF740KA1CL0,183.74,23.85,2/5/2023,Large cap,40007,Mutual Funds
110,SUNTECK,Sunteck Realty Ltd,Finance,Real Estate Development,NSE ,INR,INE805D01034,299.55,303,2/5/2023,Large cap,50001,Real Estate
111,BRIGADE,Brigade Enterprises Ltd,Finance ,Real Estate Development,NSE ,INR,INE791I01019,509.5,500.1,2/5/2023,Large cap,50001,Real Estate
112,PHOENIXLTD,Phoenix Mills Ltd,Finance,Real Estate Development,NSE ,INR,INE211B01039,1450,1444,2/5/2023,Large cap,50001,Real Estate
113,OMAXE,Omaxe ltd,Finance,Real Estate Development,NSE ,INR,INE800H01010,54.3,53.4,2/5/2023,Large cap,50001,Real Estate
114,GODREJPROP,Godrej Properties Ltd,Consumer Non-Durables,Household/Personal Care,NSE ,INR,INE484J01027,1328.95,1315.45,2/5/2023,Large cap,50002,Real Estate
115,OBEROIRLTY,Oberoi Realty Ltd,Finance,Real Estate Development,NSE ,INR,INE093I01010,916.9,911.95,2/5/2023,Large cap,50002,Real Estate
116,IBREALEST,Indiabulls Real Estate Ltd,Finance,Real Estate Development,NSE ,INR,INE069I01010,73.25,72.85,2/5/2023,Large cap,50002,Real Estate
117,NBCC,NBCC India Ltd,Commercial Services,Miscellaneous Commercial Services,NSE ,INR,INE095N01031,40.1,39.35,2/5/2023,Large cap,50002,Real Estate
118,PRESTIGE,Prestige Estates Projects Ltd,Finance,Real Estate Development,NSE ,INR,INE811K01011,484.7,489.25,2/5/2023,Large cap,50002,Real Estate
119,DLF,DLF Ltd,Finance,Real Estate Development,NSE,INR,INE271C01023,424.75,424.75,2/5/2023,Large cap,50001,Real Estate
120,TITAN,Titan Company,Consumer Durables,Other Consumer Specialties,NSE,INR,INE280A01028,2668.6,2637,2/5/2023,Large cap,60001,Gold 
121,MUTHOOTFIN,Muthoot Finance Ltd,Finance,Finance/Rental/Leasing,NSE,INR,INE414G01012,1026.6,1018,2/5/2023,Large cap,60001,Gold 
122,RAJESHEXPO,Rajesh Exports,Consumer Durables,Other Consumer Specialties,NSE,INR,INE343B01030,552.8,558.05,2/5/2023,Large cap,60001,Gold 
123,KALYANKJIL,Kalyan Jewellers,Finance,Financial Conglomerates,NSE,INR,INE303R01014,105.4,102.75,2/5/2023,Large cap,60001,Gold 
124,MANAPPURAM,Manappuram Finance  Ltd,Finance,Finance/Rental/Leasing,NSE,INR,INE522D01027,129.65,129.5,2/5/2023,Large cap,60001,Gold 
125,VAIBHAVGBL,Vaibhav Global,Consumer Durables,Consumer Durables,NSE,INR,INE884A01027,317.65,315.5,2/5/2023,Large cap,60001,Gold 
126,,,,,,,,,,,,,
127,,,,,,,,,,,,,
128,,,,,,,,,,,,,
129,,,,,,,,,,,,,
130,,,,,,,,,,,,,
131,,,,,,,,,,,,,
132,,,,,,,,,,,,,
133,,,,,,,,,,,,,
134,,,,,,,,,,,,,
135,,,,,,,,,,,,,
136,,,,,,,,,,,,,
137,,,,,,,,,,,,,
138,,,,,,,,,,,,,
139,,,,,,,,,,,,,
140,,,,,,,,,,,,,
141,,,,,,,,,,,,,
142,,,,,,,,,,,,,
143,,,,,,,,,,,,,
144,,,,,,,,,,,,,
145,,,,,,,,,,,,,
146,,,,,,,,,,,,,
147,,,,,,,,,,,,,
148,,,,,,,,,,,,,
149,,,,,,,,,,,,,
150,,,,,,,,,,,,,
151,,,,,,,,,,,,,
152,,,,,,,,,,,,,
153,,,,,,,,,,,,,
154,,,,,,,,,,,,,
155,,,,,,,,,,,,,
156,,,,,,,,,,,,,
157,,,,,,,,,,,,,
158,,,,,,,,,,,,,
159,,,,,,,,,,,,,
160,,,,,,,,,,,,,
161,,,,,,,,,,,,,
162,,,,,,,,,,,,,
163,,,,,,,,,,,,,
164,,,,,,,,,,,,,
165,,,,,,,,,,,,,
166,,,,,,,,,,,,,
167,,,,,,,,,,,,,
168,,,,,,,,,,,,,
169,,,,,,,,,,,,,
170,,,,,,,,,,,,,
171,,,,,,,,,,,,,
172,,,,,,,,,,,,,
173,,,,,,,,,,,,,
174,,,,,,,,,,,,,
175,,,,,,,,,,,,,
176,,,,,,,,,,,,,
177,,,,,,,,,,,,,
178,,,,,,,,,,,,,
179,,,,,,,,,,,,,
180,,,,,,,,,,,,,
181,,,,,,,,,,,,,
182,,,,,,,,,,,,,
183,,,,,,,,,,,,,
184,,,,,,,,,,,,,
185,,,,,,,,,,,,,
186,,,,,,,,,,,,,
187,,,,,,,,,,,,,
188,,,,,,,,,,,,,
189,,,,,,,,,,,,,
190,,,,,,,,,,,,,
191,,,,,,,,,,,,,
192,,,,,,,,,,,,,
193,,,,,,,,,,,,,
194,,,,,,,,,,,,,
195,,,,,,,,,,,,,
196,,,,,,,,,,,,,
197,,,,,,,,,,,,,
198,,,,,,,,,,,,,
199,,,,,,,,,,,,,
200,,,,,,,,,,,,,
201,,,,,,,,,,,,,
202,,,,,,,,,,,,,
203,,,,,,,,,,,,,
204,,,,,,,,,,,,,
205,,,,,,,,,,,,,
206,,,,,,,,,,,,,
207,,,,,,,,,,,,,
208,,,,,,,,,,,,,
209,,,,,,,,,,,,,
210,,,,,,,,,,,,,
211,,,,,,,,,,,,,
212,,,,,,,,,,,,,
213,,,,,,,,,,,,,
214,,,,,,,,,,,,,
215,,,,,,,,,,,,,
216,,,,,,,,,,,,,
217,,,,,,,,,,,,,
218,,,,,,,,,,,,,
219,,,,,,,,,,,,,
220,,,,,,,,,,,,,
221,,,,,,,,,,,,,
222,,,,,,,,,,,,,
223,,,,,,,,,,,,,
224,,,,,,,,,,,,,
225,,,,,,,,,,,,,
226,,,,,,,,,,,,,
227,,,,,,,,,,,,,
228,,,,,,,,,,,,,
229,,,,,,,,,,,,,
230,,,,,,,,,,,,,
231,,,,,,,,,,,,,
232,,,,,,,,,,,,,
233,,,,,,,,,,,,,
234,,,,,,,,,,,,,
235,,,,,,,,,,,,,
236,,,,,,,,,,,,,
237,,,,,,,,,,,,,
238,,,,,,,,,,,,,
239,,,,,,,,,,,,,
240,,,,,,,,,,,,,
241,,,,,,,,,,,,,
242,,,,,,,,,,,,,
243,,,,,,,,,,,,,
244,,,,,,,,,,,,,
245,,,,,,,,,,,,,
246,,,,,,,,,,,,,
247,,,,,,,,,,,,,
248,,,,,,,,,,,,,
249,,,,,,,,,,,,,
250,,,,,,,,,,,,,
251,,,,,,,,,,,,,
252,,,,,,,,,,,,,
253,,,,,,,,,,,,,
254,,,,,,,,,,,,,
255,,,,,,,,,,,,,
256,,,,,,,,,,,,,
257,,,,,,,,,,,,,
258,,,,,,,,,,,,,
259,,,,,,,,,,,,,
260,,,,,,,,,,,,,
261,,,,,,,,,,,,,
262,,,,,,,,,,,,,
263,,,,,,,,,,,,,
264,,,,,,,,,,,,,
265,,,,,,,,,,,,,
266,,,,,,,,,,,,,
267,,,,,,,,,,,,,
268,,,,,,,,,,,,,
269,,,,,,,,,,,,,
270,,,,,,,,,,,,,
271,,,,,,,,,,,,,
272,,,,,,,,,,,,,
273,,,,,,,,,,,,,
274,,,,,,,,,,,,,
275,,,,,,,,,,,,,
276,,,,,,,,,,,,,
277,,,,,,,,,,,,,
278,,,,,,,,,,,,,
279,,,,,,,,,,,,,
280,,,,,,,,,,,,,
281,,,,,,,,,,,,,
282,,,,,,,,,,,,,
283,,,,,,,,,,,,,
284,,,,,,,,,,,,,
285,,,,,,,,,,,,,
286,,,,,,,,,,,,,
287,,,,,,,,,,,,,
288,,,,,,,,,,,,,
289,,,,,,,,,,,,,
290,,,,,,,,,,,,,
291,,,,,,,,,,,,,
292,,,,,,,,,,,,,
293,,,,,,,,,,,,,
294,,,,,,,,,,,,,
295,,,,,,,,,,,,,
296,,,,,,,,,,,,,
297,,,,,,,,,,,,,
298,,,,,,,,,,,,,
299,,,,,,,,,,,,,
300,,,,,,,,,,,,,
301,,,,,,,,,,,,,
302,,,,,,,,,,,,,
303,,,,,,,,,,,,,
304,,,,,,,,,,,,,
305,,,,,,,,,,,,,
306,,,,,,,,,,,,,
307,,,,,,,,,,,,,
308,,,,,,,,,,,,,
309,,,,,,,,,,,,,
310,,,,,,,,,,,,,
311,,,,,,,,,,,,,
312,,,,,,,,,,,,,
313,,,,,,,,,,,,,
314,,,,,,,,,,,,,
315,,,,,,,,,,,,,
316,,,,,,,,,,,,,
317,,,,,,,,,,,,,
318,,,,,,,,,,,,,
319,,,,,,,,,,,,,
320,,,,,,,,,,,,,
321,,,,,,,,,,,,,
322,,,,,,,,,,,,,
323,,,,,,,,,,,,,
324,,,,,,,,,,,,,
325,,,,,,,,,,,,,
326,,,,,,,,,,,,,
327,,,,,,,,,,,,,
328,,,,,,,,,,,,,
329,,,,,,,,,,,,,
330,,,,,,,,,,,,,
331,,,,,,,,,,,,,
332,,,,,,,,,,,,,
333,,,,,,,,,,,,,
334,,,,,,,,,,,,,
335,,,,,,,,,,,,,
336,,,,,,,,,,,,,
337,,,,,,,,,,,,,
338,,,,,,,,,,,,,
339,,,,,,,,,,,,,
340,,,,,,,,,,,,,
341,,,,,,,,,,,,,
342,,,,,,,,,,,,,
343,,,,,,,,,,,,,
344,,,,,,,,,,,,,
345,,,,,,,,,,,,,
346,,,,,,,,,,,,,
347,,,,,,,,,,,,,
348,,,,,,,,,,,,,
349,,,,,,,,,,,,,
350,,,,,,,,,,,,,
351,,,,,,,,,,,,,
352,,,,,,,,,,,,,
353,,,,,,,,,,,,,
354,,,,,,,,,,,,,
355,,,,,,,,,,,,,
356,,,,,,,,,,,,,
357,,,,,,,,,,,,,
358,,,,,,,,,,,,,
359,,,,,,,,,,,,,
360,,,,,,,,,,,,,
361,,,,,,,,,,,,,
362,,,,,,,,,,,,,
363,,,,,,,,,,,,,
364,,,,,,,,,,,,,
365,,,,,,,,,,,,,
366,,,,,,,,,,,,,
367,,,,,,,,,,,,,
368,,,,,,,,,,,,,
369,,,,,,,,,,,,,
370,,,,,,,,,,,,,
371,,,,,,,,,,,,,
372,,,,,,,,,,,,,
373,,,,,,,,,,,,,
374,,,,,,,,,,,,,
375,,,,,,,,,,,,,
376,,,,,,,,,,,,,
377,,,,,,,,,,,,,
378,,,,,,,,,,,,,
379,,,,,,,,,,,,,
380,,,,,,,,,,,,,
381,,,,,,,,,,,,,
382,,,,,,,,,,,,,
383,,,,,,,,,,,,,
384,,,,,,,,,,,,,
385,,,,,,,,,,,,,
386,,,,,,,,,,,,,
387,,,,,,,,,,,,,
388,,,,,,,,,,,,,
389,,,,,,,,,,,,,
390,,,,,,,,,,,,,
391,,,,,,,,,,,,,
392,,,,,,,,,,,,,
393,,,,,,,,,,,,,
394,,,,,,,,,,,,,
395,,,,,,,,,,,,,
396,,,,,,,,,,,,,
397,,,,,,,,,,,,,
398,,,,,,,,,,,,,
399,,,,,,,,,,,,,
400,,,,,,,,,,,,,
401,,,,,,,,,,,,,
402,,,,,,,,,,,,,
403,,,,,,,,,,,,,
404,,,,,,,,,,,,,
405,,,,,,,,,,,,,
406,,,,,,,,,,,,,
407,,,,,,,,,,,,,
408,,,,,,,,,,,,,
409,,,,,,,,,,,,,
410,,,,,,,,,,,,,
411,,,,,,,,,,,,,
412,,,,,,,,,,,,,
413,,,,,,,,,,,,,
414,,,,,,,,,,,,,
415,,,,,,,,,,,,,
416,,,,,,,,,,,,,
417,,,,,,,,,,,,,
418,,,,,,,,,,,,,
419,,,,,,,,,,,,,
420,,,,,,,,,,,,,
421,,,,,,,,,,,,,
422,,,,,,,,,,,,,
423,,,,,,,,,,,,,
424,,,,,,,,,,,,,
425,,,,,,,,,,,,,
426,,,,,,,,,,,,,
427,,,,,,,,,,,,,
428,,,,,,,,,,,,,
429,,,,,,,,,,,,,
430,,,,,,,,,,,,,
431,,,,,,,,,,,,,
432,,,,,,,,,,,,,
433,,,,,,,,,,,,,
434,,,,,,,,,,,,,
435,,,,,,,,,,,,,
436,,,,,,,,,,,,,
437,,,,,,,,,,,,,
438,,,,,,,,,,,,,
439,,,,,,,,,,,,,
440,,,,,,,,,,,,,
441,,,,,,,,,,,,,
442,,,,,,,,,,,,,
443,,,,,,,,,,,,,
444,,,,,,,,,,,,,
445,,,,,,,,,,,,,
446,,,,,,,,,,,,,
447,,,,,,,,,,,,,
448,,,,,,,,,,,,,
449,,,,,,,,,,,,,
450,,,,,,,,,,,,,
451,,,,,,,,,,,,,
452,,,,,,,,,,,,,
453,,,,,,,,,,,,,
454,,,,,,,,,,,,,
455,,,,,,,,,,,,,
456,,,,,,,,,,,,,
457,,,,,,,,,,,,,
458,,,,,,,,,,,,,
459,,,,,,,,,,,,,
460,,,,,,,,,,,,,
461,,,,,,,,,,,,,
462,,,,,,,,,,,,,
463,,,,,,,,,,,,,
464,,,,,,,,,,,,,
465,,,,,,,,,,,,,
466,,,,,,,,,,,,,
467,,,,,,,,,,,,,
468,,,,,,,,,,,,,
469,,,,,,,,,,,,,
470,,,,,,,,,,,,,
471,,,,,,,,,,,,,
472,,,,,,,,,,,,,
473,,,,,,,,,,,,,
474,,,,,,,,,,,,,
475,,,,,,,,,,,,,
476,,,,,,,,,,,,,
477,,,,,,,,,,,,,
478,,,,,,,,,,,,,
479,,,,,,,,,,,,,
480,,,,,,,,,,,,,
481,,,,,,,,,,,,,
482,,,,,,,,,,,,,
483,,,,,,,,,,,,,
484,,,,,,,,,,,,,
485,,,,,,,,,,,,,
486,,,,,,,,,,,,,
487,,,,,,,,,,,,,
488,,,,,,,,,,,,,
489,,,,,,,,,,,,,
490,,,,,,,,,,,,,
491,,,,,,,,,,,,,
492,,,,,,,,,,,,,
493,,,,,,,,,,,,,
494,,,,,,,,,,,,,
495,,,,,,,,,,,,,
496,,,,,,,,,,,,,
497,,,,,,,,,,,,,
498,,,,,,,,,,,,,
499,,,,,,,,,,,,,
500,,,,,,,,,,,,,
501,,,,,,,,,,,,,
502,,,,,,,,,,,,,
503,,,,,,,,,,,,,
504,,,,,,,,,,,,,
505,,,,,,,,,,,,,
506,,,,,,,,,,,,,
507,,,,,,,,,,,,,
508,,,,,,,,,,,,,
509,,,,,,,,,,,,,
510,,,,,,,,,,,,,
511,,,,,,,,,,,,,
512,,,,,,,,,,,,,
513,,,,,,,,,,,,,
514,,,,,,,,,,,,,
515,,,,,,,,,,,,,
516,,,,,,,,,,,,,
517,,,,,,,,,,,,,
518,,,,,,,,,,,,,
519,,,,,,,,,,,,,
520,,,,,,,,,,,,,
521,,,,,,,,,,,,,
522,,,,,,,,,,,,,
523,,,,,,,,,,,,,
524,,,,,,,,,,,,,
525,,,,,,,,,,,,,
526,,,,,,,,,,,,,
527,,,,,,,,,,,,,
528,,,,,,,,,,,,,
529,,,,,,,,,,,,,
530,,,,,,,,,,,,,
531,,,,,,,,,,,,,
532,,,,,,,,,,,,,
533,,,,,,,,,,,,,
534,,,,,,,,,,,,,
535,,,,,,,,,,,,,
536,,,,,,,,,,,,,
537,,,,,,,,,,,,,
538,,,,,,,,,,,,,
539,,,,,,,,,,,,,
540,,,,,,,,,,,,,
541,,,,,,,,,,,,,
542,,,,,,,,,,,,,
543,,,,,,,,,,,,,
544,,,,,,,,,,,,,
545,,,,,,,,,,,,,
546,,,,,,,,,,,,,
547,,,,,,,,,,,,,
548,,,,,,,,,,,,,
549,,,,,,,,,,,,,
550,,,,,,,,,,,,,
551,,,,,,,,,,,,,
552,,,,,,,,,,,,,
553,,,,,,,,,,,,,
554,,,,,,,,,,,,,
555,,,,,,,,,,,,,
556,,,,,,,,,,,,,
557,,,,,,,,,,,,,
558,,,,,,,,,,,,,
559,,,,,,,,,,,,,
560,,,,,,,,,,,,,
561,,,,,,,,,,,,,
562,,,,,,,,,,,,,
563,,,,,,,,,,,,,
564,,,,,,,,,,,,,
565,,,,,,,,,,,,,
566,,,,,,,,,,,,,
567,,,,,,,,,,,,,
568,,,,,,,,,,,,,
569,,,,,,,,,,,,,
570,,,,,,,,,,,,,
571,,,,,,,,,,,,,
572,,,,,,,,,,,,,
573,,,,,,,,,,,,,
574,,,,,,,,,,,,,
575,,,,,,,,,,,,,
576,,,,,,,,,,,,,
577,,,,,,,,,,,,,
578,,,,,,,,,,,,,
579,,,,,,,,,,,,,
580,,,,,,,,,,,,,
581,,,,,,,,,,,,,
582,,,,,,,,,,,,,
583,,,,,,,,,,,,,
584,,,,,,,,,,,,,
585,,,,,,,,,,,,,
586,,,,,,,,,,,,,
587,,,,,,,,,,,,,
588,,,,,,,,,,,,,
589,,,,,,,,,,,,,
590,,,,,,,,,,,,,
591,,,,,,,,,,,,,
592,,,,,,,,,,,,,
593,,,,,,,,,,,,,
594,,,,,,,,,,,,,
595,,,,,,,,,,,,,
596,,,,,,,,,,,,,
597,,,,,,,,,,,,,
598,,,,,,,,,,,,,
599,,,,,,,,,,,,,
600,,,,,,,,,,,,,
601,,,,,,,,,,,,,
602,,,,,,,,,,,,,
603,,,,,,,,,,,,,
604,,,,,,,,,,,,,
605,,,,,,,,,,,,,
606,,,,,,,,,,,,,
607,,,,,,,,,,,,,
608,,,,,,,,,,,,,
609,,,,,,,,,,,,,
610,,,,,,,,,,,,,
611,,,,,,,,,,,,,
612,,,,,,,,,,,,,
613,,,,,,,,,,,,,
614,,,,,,,,,,,,,
615,,,,,,,,,,,,,
616,,,,,,,,,,,,,
617,,,,,,,,,,,,,
618,,,,,,,,,,,,,
619,,,,,,,,,,,,,
620,,,,,,,,,,,,,
621,,,,,,,,,,,,,
622,,,,,,,,,,,,,
623,,,,,,,,,,,,,
624,,,,,,,,,,,,,
625,,,,,,,,,,,,,
626,,,,,,,,,,,,,
627,,,,,,,,,,,,,
628,,,,,,,,,,,,,
629,,,,,,,,,,,,,
630,,,,,,,,,,,,,
631,,,,,,,,,,,,,
632,,,,,,,,,,,,,
633,,,,,,,,,,,,,
634,,,,,,,,,,,,,
635,,,,,,,,,,,,,
636,,,,,,,,,,,,,
637,,,,,,,,,,,,,
638,,,,,,,,,,,,,
639,,,,,,,,,,,,,
640,,,,,,,,,,,,,
641,,,,,,,,,,,,,
642,,,,,,,,,,,,,
643,,,,,,,,,,,,,
644,,,,,,,,,,,,,
645,,,,,,,,,,,,,
646,,,,,,,,,,,,,
647,,,,,,,,,,,,,
648,,,,,,,,,,,,,
649,,,,,,,,,,,,,
650,,,,,,,,,,,,,
651,,,,,,,,,,,,,
652,,,,,,,,,,,,,
653,,,,,,,,,,,,,
654,,,,,,,,,,,,,
655,,,,,,,,,,,,,
656,,,,,,,,,,,,,
657,,,,,,,,,,,,,
658,,,,,,,,,,,,,
659,,,,,,,,,,,,,
660,,,,,,,,,,,,,
661,,,,,,,,,,,,,
662,,,,,,,,,,,,,
663,,,,,,,,,,,,,
664,,,,,,,,,,,,,
665,,,,,,,,,,,,,
666,,,,,,,,,,,,,
667,,,,,,,,,,,,,
668,,,,,,,,,,,,,
669,,,,,,,,,,,,,
670,,,,,,,,,,,,,
671,,,,,,,,,,,,,
672,,,,,,,,,,,,,
673,,,,,,,,,,,,,
674,,,,,,,,,,,,,
675,,,,,,,,,,,,,
676,,,,,,,,,,,,,
677,,,,,,,,,,,,,
678,,,,,,,,,,,,,
679,,,,,,,,,,,,,
680,,,,,,,,,,,,,
681,,,,,,,,,,,,,
682,,,,,,,,,,,,,
683,,,,,,,,,,,,,
684,,,,,,,,,,,,,
685,,,,,,,,,,,,,
686,,,,,,,,,,,,,
687,,,,,,,,,,,,,
688,,,,,,,,,,,,,
689,,,,,,,,,,,,,
690,,,,,,,,,,,,,
691,,,,,,,,,,,,,
692,,,,,,,,,,,,,
693,,,,,,,,,,,,,
694,,,,,,,,,,,,,
695,,,,,,,,,,,,,
696,,,,,,,,,,,,,
697,,,,,,,,,,,,,
698,,,,,,,,,,,,,
699,,,,,,,,,,,,,
700,,,,,,,,,,,,,
701,,,,,,,,,,,,,
702,,,,,,,,,,,,,
703,,,,,,,,,,,,,
704,,,,,,,,,,,,,
705,,,,,,,,,,,,,
706,,,,,,,,,,,,,
707,,,,,,,,,,,,,
708,,,,,,,,,,,,,
709,,,,,,,,,,,,,
710,,,,,,,,,,,,,
711,,,,,,,,,,,,,
712,,,,,,,,,,,,,
713,,,,,,,,,,,,,
714,,,,,,,,,,,,,
715,,,,,,,,,,,,,
716,,,,,,,,,,,,,
717,,,,,,,,,,,,,
718,,,,,,,,,,,,,
719,,,,,,,,,,,,,
720,,,,,,,,,,,,,
721,,,,,,,,,,,,,
722,,,,,,,,,,,,,
723,,,,,,,,,,,,,
724,,,,,,,,,,,,,
725,,,,,,,,,,,,,
726,,,,,,,,,,,,,
727,,,,,,,,,,,,,
728,,,,,,,,,,,,,
729,,,,,,,,,,,,,
730,,,,,,,,,,,,,
731,,,,,,,,,,,,,
732,,,,,,,,,,,,,
733,,,,,,,,,,,,,
734,,,,,,,,,,,,,
735,,,,,,,,,,,,,
736,,,,,,,,,,,,,
737,,,,,,,,,,,,,
738,,,,,,,,,,,,,
739,,,,,,,,,,,,,
740,,,,,,,,,,,,,
741,,,,,,,,,,,,,
742,,,,,,,,,,,,,
743,,,,,,,,,,,,,
744,,,,,,,,,,,,,
745,,,,,,,,,,,,,
746,,,,,,,,,,,,,
747,,,,,,,,,,,,,
748,,,,,,,,,,,,,
749,,,,,,,,,,,,,
750,,,,,,,,,,,,,
751,,,,,,,,,,,,,
752,,,,,,,,,,,,,
753,,,,,,,,,,,,,
754,,,,,,,,,,,,,
755,,,,,,,,,,,,,
756,,,,,,,,,,,,,
757,,,,,,,,,,,,,
758,,,,,,,,,,,,,
759,,,,,,,,,,,,,
760,,,,,,,,,,,,,
761,,,,,,,,,,,,,
762,,,,,,,,,,,,,
763,,,,,,,,,,,,,
764,,,,,,,,,,,,,
765,,,,,,,,,,,,,
766,,,,,,,,,,,,,
767,,,,,,,,,,,,,
768,,,,,,,,,,,,,
769,,,,,,,,,,,,,
770,,,,,,,,,,,,,
771,,,,,,,,,,,,,
772,,,,,,,,,,,,,
773,,,,,,,,,,,,,
774,,,,,,,,,,,,,
775,,,,,,,,,,,,,
776,,,,,,,,,,,,,
777,,,,,,,,,,,,,
778,,,,,,,,,,,,,
779,,,,,,,,,,,,,
780,,,,,,,,,,,,,
781,,,,,,,,,,,,,
782,,,,,,,,,,,,,
783,,,,,,,,,,,,,
784,,,,,,,,,,,,,
785,,,,,,,,,,,,,
786,,,,,,,,,,,,,
787,,,,,,,,,,,,,
788,,,,,,,,,,,,,
789,,,,,,,,,,,,,
790,,,,,,,,,,,,,
791,,,,,,,,,,,,,
792,,,,,,,,,,,,,
793,,,,,,,,,,,,,
794,,,,,,,,,,,,,
795,,,,,,,,,,,,,
796,,,,,,,,,,,,,
797,,,,,,,,,,,,,
798,,,,,,,,,,,,,
799,,,,,,,,,,,,,
800,,,,,,,,,,,,,
801,,,,,,,,,,,,,
802,,,,,,,,,,,,,
803,,,,,,,,,,,,,
804,,,,,,,,,,,,,
805,,,,,,,,,,,,,
806,,,,,,,,,,,,,
807,,,,,,,,,,,,,
808,,,,,,,,,,,,,
809,,,,,,,,,,,,,
810,,,,,,,,,,,,,
811,,,,,,,,,,,,,
812,,,,,,,,,,,,,
813,,,,,,,,,,,,,
814,,,,,,,,,,,,,
815,,,,,,,,,,,,,
816,,,,,,,,,,,,,
817,,,,,,,,,,,,,
818,,,,,,,,,,,,,
819,,,,,,,,,,,,,
820,,,,,,,,,,,,,
821,,,,,,,,,,,,,
822,,,,,,,,,,,,,
823,,,,,,,,,,,,,
824,,,,,,,,,,,,,
825,,,,,,,,,,,,,
826,,,,,,,,,,,,,
827,,,,,,,,,,,,,
828,,,,,,,,,,,,,
829,,,,,,,,,,,,,
830,,,,,,,,,,,,,
831,,,,,,,,,,,,,
832,,,,,,,,,,,,,
833,,,,,,,,,,,,,
834,,,,,,,,,,,,,
835,,,,,,,,,,,,,
836,,,,,,,,,,,,,
837,,,,,,,,,,,,,
838,,,,,,,,,,,,,
839,,,,,,,,,,,,,
840,,,,,,,,,,,,,
841,,,,,,,,,,,,,
842,,,,,,,,,,,,,
843,,,,,,,,,,,,,
844,,,,,,,,,,,,,
845,,,,,,,,,,,,,
846,,,,,,,,,,,,,
847,,,,,,,,,,,,,
848,,,,,,,,,,,,,
849,,,,,,,,,,,,,
850,,,,,,,,,,,,,
851,,,,,,,,,,,,,
852,,,,,,,,,,,,,
853,,,,,,,,,,,,,
854,,,,,,,,,,,,,
855,,,,,,,,,,,,,
856,,,,,,,,,,,,,
857,,,,,,,,,,,,,
858,,,,,,,,,,,,,
859,,,,,,,,,,,,,
860,,,,,,,,,,,,,
861,,,,,,,,,,,,,
862,,,,,,,,,,,,,
863,,,,,,,,,,,,,
864,,,,,,,,,,,,,
865,,,,,,,,,,,,,
866,,,,,,,,,,,,,
867,,,,,,,,,,,,,
868,,,,,,,,,,,,,
869,,,,,,,,,,,,,
870,,,,,,,,,,,,,
871,,,,,,,,,,,,,
872,,,,,,,,,,,,,
873,,,,,,,,,,,,,
874,,,,,,,,,,,,,
875,,,,,,,,,,,,,
876,,,,,,,,,,,,,
877,,,,,,,,,,,,,
878,,,,,,,,,,,,,
879,,,,,,,,,,,,,
880,,,,,,,,,,,,,
881,,,,,,,,,,,,,
882,,,,,,,,,,,,,
883,,,,,,,,,,,,,
884,,,,,,,,,,,,,
885,,,,,,,,,,,,,
886,,,,,,,,,,,,,
887,,,,,,,,,,,,,
888,,,,,,,,,,,,,
889,,,,,,,,,,,,,
890,,,,,,,,,,,,,
891,,,,,,,,,,,,,
892,,,,,,,,,,,,,
893,,,,,,,,,,,,,
894,,,,,,,,,,,,,
895,,,,,,,,,,,,,
896,,,,,,,,,,,,,
897,,,,,,,,,,,,,
898,,,,,,,,,,,,,
899,,,,,,,,,,,,,
900,,,,,,,,,,,,,
901,,,,,,,,,,,,,
902,,,,,,,,,,,,,
903,,,,,,,,,,,,,
904,,,,,,,,,,,,,
905,,,,,,,,,,,,,
906,,,,,,,,,,,,,
907,,,,,,,,,,,,,
908,,,,,,,,,,,,,
909,,,,,,,,,,,,,
910,,,,,,,,,,,,,
911,,,,,,,,,,,,,
912,,,,,,,,,,,,,
913,,,,,,,,,,,,,
914,,,,,,,,,,,,,
915,,,,,,,,,,,,,
916,,,,,,,,,,,,,
917,,,,,,,,,,,,,
918,,,,,,,,,,,,,
919,,,,,,,,,,,,,
920,,,,,,,,,,,,,
921,,,,,,,,,,,,,
922,,,,,,,,,,,,,
923,,,,,,,,,,,,,
924,,,,,,,,,,,,,
925,,,,,,,,,,,,,
926,,,,,,,,,,,,,
927,,,,,,,,,,,,,
928,,,,,,,,,,,,,
929,,,,,,,,,,,,,
930,,,,,,,,,,,,,
931,,,,,,,,,,,,,
932,,,,,,,,,,,,,
933,,,,,,,,,,,,,
934,,,,,,,,,,,,,
935,,,,,,,,,,,,,
936,,,,,,,,,,,,,
937,,,,,,,,,,,,,
938,,,,,,,,,,,,,
939,,,,,,,,,,,,,
940,,,,,,,,,,,,,
941,,,,,,,,,,,,,
942,,,,,,,,,,,,,
943,,,,,,,,,,,,,
944,,,,,,,,,,,,,
945,,,,,,,,,,,,,
946,,,,,,,,,,,,,
947,,,,,,,,,,,,,
948,,,,,,,,,,,,,
949,,,,,,,,,,,,,
950,,,,,,,,,,,,,
951,,,,,,,,,,,,,
952,,,,,,,,,,,,,
953,,,,,,,,,,,,,
954,,,,,,,,,,,,,
955,,,,,,,,,,,,,
956,,,,,,,,,,,,,
957,,,,,,,,,,,,,
958,,,,,,,,,,,,,
959,,,,,,,,,,,,,
960,,,,,,,,,,,,,
961,,,,,,,,,,,,,
962,,,,,,,,,,,,,
963,,,,,,,,,,,,,
964,,,,,,,,,,,,,
965,,,,,,,,,,,,,
966,,,,,,,,,,,,,
967,,,,,,,,,,,,,
968,,,,,,,,,,,,,
969,,,,,,,,,,,,,
970,,,,,,,,,,,,,
971,,,,,,,,,,,,,
972,,,,,,,,,,,,,
973,,,,,,,,,,,,,
974,,,,,,,,,,,,,
975,,,,,,,,,,,,,
976,,,,,,,,,,,,,
977,,,,,,,,,,,,,
978,,,,,,,,,,,,,
979,,,,,,,,,,,,,
980,,,,,,,,,,,,,
981,,,,,,,,,,,,,
982,,,,,,,,,,,,,
983,,,,,,,,,,,,,
984,,,,,,,,,,,,,
985,,,,,,,,,,,,,
986,,,,,,,,,,,,,
987,,,,,,,,,,,,,
988,,,,,,,,,,,,,
989,,,,,,,,,,,,,
990,,,,,,,,,,,,,
991,,,,,,,,,,,,,
992,,,,,,,,,,,,,
993,,,,,,,,,,,,,
994,,,,,,,,,,,,,
995,,,,,,,,,,,,,
996,,,,,,,,,,,,,
997,,,,,,,,,,,,,
998,,,,,,,,,,,,,
999,,,,,,,,,,,,,
1000,,,,,,,,,,,,,
1001,,,,,,,,,,,,,
1002,,,,,,,,,,,,,
1003,,,,,,,,,,,,,
1004,,,,,,,,,,,,,
1005,,,,,,,,,,,,,
1006,,,,,,,,,,,,,
1007,,,,,,,,,,,,,
1008,,,,,,,,,,,,,
1009,,,,,,,,,,,,,
1010,,,,,,,,,,,,,
1011,,,,,,,,,,,,,
1012,,,,,,,,,,,,,
1013,,,,,,,,,,,,,
1014,,,,,,,,,,,,,
1015,,,,,,,,,,,,,
1016,,,,,,,,,,,,,
1017,,,,,,,,,,,,,
1018,,,,,,,,,,,,,
1019,,,,,,,,,,,,,
1020,,,,,,,,,,,,,
1021,,,,,,,,,,,,,
1022,,,,,,,,,,,,,
1023,,,,,,,,,,,,,
1024,,,,,,,,,,,,,
1025,,,,,,,,,,,,,
1026,,,,,,,,,,,,,
1027,,,,,,,,,,,,,
1028,,,,,,,,,,,,,
1029,,,,,,,,,,,,,
1030,,,,,,,,,,,,,
1031,,,,,,,,,,,,,
1032,,,,,,,,,,,,,
1033,,,,,,,,,,,,,
1034,,,,,,,,,,,,,
1035,,,,,,,,,,,,,
1036,,,,,,,,,,,,,
1037,,,,,,,,,,,,,
1038,,,,,,,,,,,,,
1039,,,,,,,,,,,,,
1040,,,,,,,,,,,,,
1041,,,,,,,,,,,,,
1042,,,,,,,,,,,,,
1043,,,,,,,,,,,,,
1044,,,,,,,,,,,,,
1045,,,,,,,,,,,,,
1046,,,,,,,,,,,,,
1047,,,,,,,,,,,,,
1048,,,,,,,,,,,,,
1049,,,,,,,,,,,,,
1050,,,,,,,,,,,,,
1051,,,,,,,,,,,,,
1052,,,,,,,,,,,,,
1053,,,,,,,,,,,,,
1054,,,,,,,,,,,,,
1055,,,,,,,,,,,,,
1056,,,,,,,,,,,,,
1057,,,,,,,,,,,,,
1058,,,,,,,,,,,,,
1059,,,,,,,,,,,,,
1060,,,,,,,,,,,,,
1061,,,,,,,,,,,,,
1062,,,,,,,,,,,,,
1063,,,,,,,,,,,,,
1064,,,,,,,,,,,,,
1065,,,,,,,,,,,,,
1066,,,,,,,,,,,,,
1067,,,,,,,,,,,,,
1068,,,,,,,,,,,,,
1069,,,,,,,,,,,,,
1070,,,,,,,,,,,,,
1071,,,,,,,,,,,,,
1072,,,,,,,,,,,,,
1073,,,,,,,,,,,,,
1074,,,,,,,,,,,,,
1075,,,,,,,,,,,,,
1076,,,,,,,,,,,,,
1077,,,,,,,,,,,,,
1078,,,,,,,,,,,,,
1079,,,,,,,,,,,,,
1080,,,,,,,,,,,,,
1081,,,,,,,,,,,,,
1082,,,,,,,,,,,,,
1083,,,,,,,,,,,,,
1084,,,,,,,,,,,,,
1085,,,,,,,,,,,,,
1086,,,,,,,,,,,,,
1087,,,,,,,,,,,,,
1088,,,,,,,,,,,,,
1089,,,,,,,,,,,,,
1090,,,,,,,,,,,,,
1091,,,,,,,,,,,,,
1092,,,,,,,,,,,,,
1093,,,,,,,,,,,,,
1094,,,,,,,,,,,,,
1095,,,,,,,,,,,,,
1096,,,,,,,,,,,,,
1097,,,,,,,,,,,,,
1098,,,,,,,,,,,,,
1099,,,,,,,,,,,,,
1100,,,,,,,,,,,,,
1101,,,,,,,,,,,,,
1102,,,,,,,,,,,,,
1103,,,,,,,,,,,,,
1104,,,,,,,,,,,,,
1105,,,,,,,,,,,,,
1106,,,,,,,,,,,,,
1107,,,,,,,,,,,,,
1108,,,,,,,,,,,,,
1109,,,,,,,,,,,,,
1110,,,,,,,,,,,,,
1111,,,,,,,,,,,,,
1112,,,,,,,,,,,,,
1113,,,,,,,,,,,,,
1114,,,,,,,,,,,,,
1115,,,,,,,,,,,,,
1116,,,,,,,,,,,,,
1117,,,,,,,,,,,,,
1118,,,,,,,,,,,,,
1119,,,,,,,,,,,,,
1120,,,,,,,,,,,,,
1121,,,,,,,,,,,,,
1122,,,,,,,,,,,,,
1123,,,,,,,,,,,,,
1124,,,,,,,,,,,,,
1125,,,,,,,,,,,,,
1126,,,,,,,,,,,,,
1127,,,,,,,,,,,,,
1128,,,,,,,,,,,,,
1129,,,,,,,,,,,,,
1130,,,,,,,,,,,,,
1131,,,,,,,,,,,,,
1132,,,,,,,,,,,,,
1133,,,,,,,,,,,,,
1134,,,,,,,,,,,,,
1135,,,,,,,,,,,,,
1136,,,,,,,,,,,,,
1137,,,,,,,,,,,,,
1138,,,,,,,,,,,,,
1139,,,,,,,,,,,,,
1140,,,,,,,,,,,,,
1141,,,,,,,,,,,,,
1142,,,,,,,,,,,,,
1143,,,,,,,,,,,,,
1144,,,,,,,,,,,,,
1145,,,,,,,,,,,,,
1146,,,,,,,,,,,,,
1147,,,,,,,,,,,,,
1148,,,,,,,,,,,,,
1149,,,,,,,,,,,,,
1150,,,,,,,,,,,,,
1151,,,,,,,,,,,,,
1152,,,,,,,,,,,,,
1153,,,,,,,,,,,,,
1154,,,,,,,,,,,,,
1155,,,,,,,,,,,,,
1156,,,,,,,,,,,,,
1157,,,,,,,,,,,,,
1158,,,,,,,,,,,,,
1159,,,,,,,,,,,,,
1160,,,,,,,,,,,,,
1161,,,,,,,,,,,,,
1162,,,,,,,,,,,,,
1163,,,,,,,,,,,,,
1164,,,,,,,,,,,,,
1165,,,,,,,,,,,,,
1166,,,,,,,,,,,,,
1167,,,,,,,,,,,,,
1168,,,,,,,,,,,,,
1169,,,,,,,,,,,,,
1170,,,,,,,,,,,,,
1171,,,,,,,,,,,,,
1172,,,,,,,,,,,,,
1173,,,,,,,,,,,,,
1174,,,,,,,,,,,,,
1175,,,,,,,,,,,,,
1176,,,,,,,,,,,,,
1177,,,,,,,,,,,,,
1178,,,,,,,,,,,,,
1179,,,,,,,,,,,,,
1180,,,,,,,,,,,,,
1181,,,,,,,,,,,,,
1182,,,,,,,,,,,,,
1183,,,,,,,,,,,,,
1184,,,,,,,,,,,,,
1185,,,,,,,,,,,,,
1186,,,,,,,,,,,,,
1187,,,,,,,,,,,,,
1188,,,,,,,,,,,,,
1189,,,,,,,,,,,,,
1190,,,,,,,,,,,,,
1191,,,,,,,,,,,,,
1192,,,,,,,,,,,,,
1193,,,,,,,,,,,,,
1194,,,,,,,,,,,,,
1195,,,,,,,,,,,,,
1196,,,,,,,,,,,,,
1197,,,,,,,,,,,,,
1198,,,,,,,,,,,,,
1199,,,,,,,,,,,,,
1200,,,,,,,,,,,,,
1201,,,,,,,,,,,,,
1202,,,,,,,,,,,,,
1203,,,,,,,,,,,,,
1204,,,,,,,,,,,,,
1205,,,,,,,,,,,,,
1206,,,,,,,,,,,,,
1207,,,,,,,,,,,,,
1208,,,,,,,,,,,,,
1209,,,,,,,,,,,,,
1210,,,,,,,,,,,,,
1211,,,,,,,,,,,,,
1212,,,,,,,,,,,,,
1213,,,,,,,,,,,,,
1214,,,,,,,,,,,,,
1215,,,,,,,,,,,,,
1216,,,,,,,,,,,,,
1217,,,,,,,,,,,,,
1218,,,,,,,,,,,,,
1219,,,,,,,,,,,,,
1220,,,,,,,,,,,,,
1221,,,,,,,,,,,,,
1222,,,,,,,,,,,,,
1223,,,,,,,,,,,,,
1224,,,,,,,,,,,,,
1225,,,,,,,,,,,,,
1226,,,,,,,,,,,,,
1227,,,,,,,,,,,,,
1228,,,,,,,,,,,,,
1229,,,,,,,,,,,,,
1230,,,,,,,,,,,,,
1231,,,,,,,,,,,,,
1232,,,,,,,,,,,,,
1233,,,,,,,,,,,,,
1234,,,,,,,,,,,,,
1235,,,,,,,,,,,,,
1236,,,,,,,,,,,,,
1237,,,,,,,,,,,,,
1238,,,,,,,,,,,,,
1239,,,,,,,,,,,,,
1240,,,,,,,,,,,,,
1241,,,,,,,,,,,,,
1242,,,,,,,,,,,,,
1243,,,,,,,,,,,,,
1244,,,,,,,,,,,,,
1245,,,,,,,,,,,,,
1246,,,,,,,,,,,,,
1247,,,,,,,,,,,,,
1248,,,,,,,,,,,,,
1249,,,,,,,,,,,,,
1250,,,,,,,,,,,,,
1251,,,,,,,,,,,,,
1252,,,,,,,,,,,,,
1253,,,,,,,,,,,,,
1254,,,,,,,,,,,,,
1255,,,,,,,,,,,,,
1256,,,,,,,,,,,,,
1257,,,,,,,,,,,,,
1258,,,,,,,,,,,,,
1259,,,,,,,,,,,,,
1260,,,,,,,,,,,,,
1261,,,,,,,,,,,,,
1262,,,,,,,,,,,,,
1263,,,,,,,,,,,,,
1264,,,,,,,,,,,,,
1265,,,,,,,,,,,,,
1266,,,,,,,,,,,,,
1267,,,,,,,,,,,,,
1268,,,,,,,,,,,,,
1269,,,,,,,,,,,,,
1270,,,,,,,,,,,,,
1271,,,,,,,,,,,,,
1272,,,,,,,,,,,,,
1273,,,,,,,,,,,,,
1274,,,,,,,,,,,,,
1275,,,,,,,,,,,,,
1276,,,,,,,,,,,,,
1277,,,,,,,,,,,,,
1278,,,,,,,,,,,,,
1279,,,,,,,,,,,,,
1280,,,,,,,,,,,,,
1281,,,,,,,,,,,,,
1282,,,,,,,,,,,,,
1283,,,,,,,,,,,,,
1284,,,,,,,,,,,,,
1285,,,,,,,,,,,,,
1286,,,,,,,,,,,,,
1287,,,,,,,,,,,,,
1288,,,,,,,,,,,,,
1289,,,,,,,,,,,,,
1290,,,,,,,,,,,,,
1291,,,,,,,,,,,,,
1292,,,,,,,,,,,,,
1293,,,,,,,,,,,,,
1294,,,,,,,,,,,,,
1295,,,,,,,,,,,,,
1296,,,,,,,,,,,,,
1297,,,,,,,,,,,,,
1298,,,,,,,,,,,,,
1299,,,,,,,,,,,,,
1300,,,,,,,,,,,,,
1301,,,,,,,,,,,,,
1302,,,,,,,,,,,,,
1303,,,,,,,,,,,,,
1304,,,,,,,,,,,,,
1305,,,,,,,,,,,,,
1306,,,,,,,,,,,,,
1307,,,,,,,,,,,,,
1308,,,,,,,,,,,,,
1309,,,,,,,,,,,,,
1310,,,,,,,,,,,,,
1311,,,,,,,,,,,,,
1312,,,,,,,,,,,,,
1313,,,,,,,,,,,,,
1314,,,,,,,,,,,,,
1315,,,,,,,,,,,,,
1316,,,,,,,,,,,,,
1317,,,,,,,,,,,,,
1318,,,,,,,,,,,,,
1319,,,,,,,,,,,,,
1320,,,,,,,,,,,,,
1321,,,,,,,,,,,,,
1322,,,,,,,,,,,,,
1323,,,,,,,,,,,,,
1324,,,,,,,,,,,,,
1325,,,,,,,,,,,,,
1326,,,,,,,,,,,,,
1327,,,,,,,,,,,,,
1328,,,,,,,,,,,,,
1329,,,,,,,,,,,,,
1330,,,,,,,,,,,,,
1331,,,,,,,,,,,,,
1332,,,,,,,,,,,,,
1333,,,,,,,,,,,,,
1334,,,,,,,,,,,,,
1335,,,,,,,,,,,,,
1336,,,,,,,,,,,,,
1337,,,,,,,,,,,,,
1338,,,,,,,,,,,,,
1339,,,,,,,,,,,,,
1340,,,,,,,,,,,,,
1341,,,,,,,,,,,,,
1342,,,,,,,,,,,,,
1343,,,,,,,,,,,,,
1344,,,,,,,,,,,,,
1345,,,,,,,,,,,,,
1346,,,,,,,,,,,,,
1347,,,,,,,,,,,,,
1348,,,,,,,,,,,,,
1349,,,,,,,,,,,,,
1350,,,,,,,,,,,,,
1351,,,,,,,,,,,,,
1352,,,,,,,,,,,,,
1353,,,,,,,,,,,,,
1354,,,,,,,,,,,,,
1355,,,,,,,,,,,,,
1356,,,,,,,,,,,,,
1357,,,,,,,,,,,,,
1358,,,,,,,,,,,,,
1359,,,,,,,,,,,,,
1360,,,,,,,,,,,,,
1361,,,,,,,,,,,,,
1362,,,,,,,,,,,,,
1363,,,,,,,,,,,,,
1364,,,,,,,,,,,,,
1365,,,,,,,,,,,,,
1366,,,,,,,,,,,,,
1367,,,,,,,,,,,,,
1368,,,,,,,,,,,,,
1369,,,,,,,,,,,,,
1370,,,,,,,,,,,,,
1371,,,,,,,,,,,,,
1372,,,,,,,,,,,,,
1373,,,,,,,,,,,,,
1374,,,,,,,,,,,,,
1375,,,,,,,,,,,,,
1376,,,,,,,,,,,,,
1377,,,,,,,,,,,,,
1378,,,,,,,,,,,,,
1379,,,,,,,,,,,,,
1380,,,,,,,,,,,,,
1381,,,,,,,,,,,,,
1382,,,,,,,,,,,,,
1383,,,,,,,,,,,,,
1384,,,,,,,,,,,,,
1385,,,,,,,,,,,,,
1386,,,,,,,,,,,,,
1387,,,,,,,,,,,,,
1388,,,,,,,,,,,,,
1389,,,,,,,,,,,,,
1390,,,,,,,,,,,,,
1391,,,,,,,,,,,,,
1392,,,,,,,,,,,,,
1393,,,,,,,,,,,,,
1394,,,,,,,,,,,,,
1395,,,,,,,,,,,,,
1396,,,,,,,,,,,,,
1397,,,,,,,,,,,,,
1398,,,,,,,,,,,,,
1399,,,,,,,,,,,,,
1400,,,,,,,,,,,,,
1401,,,,,,,,,,,,,
1402,,,,,,,,,,,,,
1403,,,,,,,,,,,,,
1404,,,,,,,,,,,,,
1405,,,,,,,,,,,,,
1406,,,,,,,,,,,,,
1407,,,,,,,,,,,,,
1408,,,,,,,,,,,,,
1409,,,,,,,,,,,,,
1410,,,,,,,,,,,,,
1411,,,,,,,,,,,,,
1412,,,,,,,,,,,,,
1413,,,,,,,,,,,,,
1414,,,,,,,,,,,,,
1415,,,,,,,,,,,,,
1416,,,,,,,,,,,,,
1417,,,,,,,,,,,,,
1418,,,,,,,,,,,,,
1419,,,,,,,,,,,,,
1420,,,,,,,,,,,,,
1421,,,,,,,,,,,,,
1422,,,,,,,,,,,,,
1423,,,,,,,,,,,,,
1424,,,,,,,,,,,,,
1425,,,,,,,,,,,,,
1426,,,,,,,,,,,,,
1427,,,,,,,,,,,,,
1428,,,,,,,,,,,,,
1429,,,,,,,,,,,,,
1430,,,,,,,,,,,,,
1431,,,,,,,,,,,,,
1432,,,,,,,,,,,,,
1433,,,,,,,,,,,,,
1434,,,,,,,,,,,,,
1435,,,,,,,,,,,,,
1436,,,,,,,,,,,,,
1437,,,,,,,,,,,,,
1438,,,,,,,,,,,,,
1439,,,,,,,,,,,,,
1440,,,,,,,,,,,,,
1441,,,,,,,,,,,,,
1442,,,,,,,,,,,,,
1443,,,,,,,,,,,,,
1444,,,,,,,,,,,,,
1445,,,,,,,,,,,,,
1446,,,,,,,,,,,,,
1447,,,,,,,,,,,,,
1448,,,,,,,,,,,,,
1449,,,,,,,,,,,,,
1450,,,,,,,,,,,,,
1451,,,,,,,,,,,,,
1452,,,,,,,,,,,,,
1453,,,,,,,,,,,,,
1454,,,,,,,,,,,,,
1455,,,,,,,,,,,,,
1456,,,,,,,,,,,,,
1457,,,,,,,,,,,,,
1458,,,,,,,,,,,,,
1459,,,,,,,,,,,,,
1460,,,,,,,,,,,,,
1461,,,,,,,,,,,,,
1462,,,,,,,,,,,,,
1463,,,,,,,,,,,,,
1464,,,,,,,,,,,,,
1465,,,,,,,,,,,,,
1466,,,,,,,,,,,,,
1467,,,,,,,,,,,,,
1468,,,,,,,,,,,,,
1469,,,,,,,,,,,,,
1470,,,,,,,,,,,,,
1471,,,,,,,,,,,,,
1472,,,,,,,,,,,,,
1473,,,,,,,,,,,,,
1474,,,,,,,,,,,,,
1475,,,,,,,,,,,,,
1476,,,,,,,,,,,,,
1477,,,,,,,,,,,,,
1478,,,,,,,,,,,,,
1479,,,,,,,,,,,,,
1480,,,,,,,,,,,,,
1481,,,,,,,,,,,,,
1482,,,,,,,,,,,,,
1483,,,,,,,,,,,,,
1484,,,,,,,,,,,,,
1485,,,,,,,,,,,,,
1486,,,,,,,,,,,,,
1487,,,,,,,,,,,,,
1488,,,,,,,,,,,,,
1489,,,,,,,,,,,,,
1490,,,,,,,,,,,,,
1491,,,,,,,,,,,,,
1492,,,,,,,,,,,,,
1493,,,,,,,,,,,,,
1494,,,,,,,,,,,,,
1495,,,,,,,,,,,,,
1496,,,,,,,,,,,,,
1497,,,,,,,,,,,,,
1498,,,,,,,,,,,,,
1499,,,,,,,,,,,,,
