1,LTIM,LTIMINDTREE LTD,Commercial Services,Miscellaneous Commercial Services,NSE,INR,INE214T01231,4200.15,17-Apr-23,Larger Cap,10000,10101010
2,GLOBAL,GLOBAL EDUCATION LTD,Commercial Services,Miscellaneous Commercial Services,NSE,INR,INE214T01019,157.4,17-Apr-23,Larger Cap,10000,10101010
3,VERANDA,VERANDA LEARNING SOL LTD,Commercial Services,Miscellaneous Commercial Services,NSE,INR,INE520J01028,196.2,17-Apr-23,Larger Cap,10002,10101010
4,AGRITECH,AGRI-TECH (INDIA),Commercial Services,Miscellaneous Commercial Services,NSE,INR,INE0IQ001011,94.15,17-Apr-23,Larger Cap,10002,10101010
5,RITES,RITES LTD,Commercial Services,Miscellaneous Commercial Services,NSE,INR,INE449G01018,346.7,17-Apr-23,Larger Cap,10000,10102030
6,FSL,FIRSTSOURCE SOLUTI,Commercial Services,Miscellaneous Commercial Services,NSE,INR,INE299D01014,112.8,17-Apr-23,Larger Cap,10001,10102030
7,SIS,SIS LTD,Commercial Services,Miscellaneous Commercial Services,NSE,INR,INE684F01012,371.15,17-Apr-23,Larger Cap,10001,10102030
8,SYNGENE,SYNGENE INTERNATIO,Commercial Services,Miscellaneous Commercial Services,NSE,INR,INE04SF01012,618.9,17-Apr-23,Larger Cap,10001,15101010
9,RADIANTCMS,RADIANT CASH MGMT SER LTD,Commercial Services,Miscellaneous Commercial Services,NSE,INR,INE398R01022,97.15,17-Apr-23,Larger Cap,10002,15101020
10,CAREERP,CAREER POINT LTD,Commercial Services,Miscellaneous Commercial Services,NSE,INR,INE855R01021,238.9,17-Apr-23,Larger Cap,10002,15101020
11,ARSHIYA,ARSHIYA LTD,Commercial Services,Miscellaneous Commercial Services,NSE,INR,INE521J01018,6,17-Apr-23,Larger Cap,10002,15101020
12,ARIHANTACA,ARIHANT ACADEMY LTD,Commercial Services,Miscellaneous Commercial Services,NSE,INR,INE968D01022,115,17-Apr-23,Larger Cap,10002,15101050
13,SPCENET,SPACENET ENTERPRIS,Commercial Services,Advertising/Marketing Services,NSE,INR,INE0NCC01015,18.1,17-Apr-23,Larger Cap,10002,15102010
14,DUGLOBAL,DUDIGITAL GLOBAL LTD,Commercial Services,Miscellaneous Commercial Services,NSE,INR,INE970N01027,169,17-Apr-23,Larger Cap,10002,15102010
15,REPRO,REPRO INDIA LTD,Commercial Services,Commercial Printing/Forms,NSE,INR,INE0HPK01020,380.25,17-Apr-23,Larger Cap,10002,15102010
16,KAPSTON,KAPSTON FACILITIES MGMT L,Commercial Services,Miscellaneous Commercial Services,NSE,INR,INE461B01014,137,17-Apr-23,Larger Cap,10001,15104010
17,VIMTALABS,VIMTA LABORATORIES,Commercial Services,Miscellaneous Commercial Services,NSE,INR,INE542Z01010,357,17-Apr-23,Larger Cap,10002,15104020
18,PRESSMN,PRESSMAN ADVERTISI,Commercial Services,Advertising/Marketing Services,NSE,INR,INE579C01029,79.05,17-Apr-23,Larger Cap,10002,15104025
19,MAPMYINDIA,C.E. INFO SYSTEMS LTD,Commercial Services,Miscellaneous Commercial Services,NSE,INR,INE980A01023,1016,17-Apr-23,Larger Cap,10002,15104025
20,ICRA,ICRA LTD,Commercial Services,Financial Publishing/Services,NSE,INR,INE0BV301023,4769.95,17-Apr-23,Larger Cap,10001,15104025
21,VERTOZ,VERTOZ ADVERTISING LTD,Commercial Services,Advertising/Marketing Services,NSE,INR,INE725G01011,214.95,17-Apr-23,Larger Cap,10002,15104025
22,AGSTRA,AGS TRANSACT TECH LTD,Commercial Services,Miscellaneous Commercial Services,NSE,INR,INE188Y01015,51.35,17-Apr-23,Larger Cap,10002,15104050
23,TEAMLEASE,TEAMLEASE SERVICES,Commercial Services,Personnel Services,NSE,INR,INE583L01014,2176.5,17-Apr-23,Larger Cap,10001,15105010
24,SUVIDHAA,SUVIDHAA INFOSERVE LTD,Commercial Services,Miscellaneous Commercial Services,NSE,INR,INE985S01024,4.45,17-Apr-23,Larger Cap,10002,15105020
25,AISL,ANI INTEGRATED SER,Commercial Services,Personnel Services,NSE,INR,INE018401013,42,17-Apr-23,Larger Cap,10002,15105020
26,RTNINDIA,RATTANINDIA ENT LTD,Commercial Services,Miscellaneous Commercial Services,NSE,INR,INE635Y01015,38.55,17-Apr-23,Larger Cap,10002,15105020
27,NOIDATOLL,NOIDA TOLL BRIDGE,Commercial Services,Advertising/Marketing Services,NSE,INR,INE834M01019,6.85,17-Apr-23,Larger Cap,10002,15105020
28,KHFM,KHFM H AND F MGT S,Commercial Services,Miscellaneous Commercial Services,NSE,INR,INE781B01015,38.35,17-Apr-23,Larger Cap,10002,15105020
29,4THDIM,FOURTH DIMENSION SOL L,Commercial Services,Miscellaneous Commercial Services,NSE,INR,INE00UG01014,29.85,17-Apr-23,Larger Cap,10002,20104020
30,INFIBEAM,INFIBEAM AVENUES L,Commercial Services,Miscellaneous Commercial Services,NSE,INR,INE382T01030,13.65,17-Apr-23,Larger Cap,10001,20104020
31,ONEPOINT,ONE POINT ONE SOLU,Commercial Services,Miscellaneous Commercial Services,NSE,INR,INE483S01020,18.55,17-Apr-23,Larger Cap,10002,20104020
32,TATASTEEL,TATA STEEL LIMITED,Commercial Services,Miscellaneous Commercial Services,BSE,INR,INE840Y01011,7.02,17-Apr-23,Larger Cap,10002,20104020
33,DYNAMIC,DYNAMIC SERVICES &,Commercial Services,Miscellaneous Commercial Services,NSE,INR,INE766D01012,63,17-Apr-23,Larger Cap,10002,20104020
34,NIITLTD,NIIT,Commercial Services,Miscellaneous Commercial Services,NSE,INR,INE03T201013,359.4,17-Apr-23,Larger Cap,10002,20107010
35,ANTGRAPHIC,ANTARCTICA LTD,Commercial Services,Commercial Printing/Forms,NSE,INR,INE161A01038,0.7,17-Apr-23,Larger Cap,10002,20201010
36,APTECHT,APTECH LTD,Commercial Services,Miscellaneous Commercial Services,NSE,INR,INE414B01021,404.4,17-Apr-23,Larger Cap,10002,20201010
37,QUESS,QUESS CORP LTD,Commercial Services,Personnel Services,NSE,INR,INE266F01018,363.75,17-Apr-23,Larger Cap,10001,20201010
38,CYIENT,CYIENT LTD,Commercial Services,Miscellaneous Commercial Services,NSE,INR,INE615P01015,1068.7,17-Apr-23,Larger Cap,10001,20201010
39,EDUCOMP,EDUCOMP SOLUTIONS,Commercial Services,Miscellaneous Commercial Services,NSE,INR,INE0NLB01018,1.65,17-Apr-23,Larger Cap,10002,20202010
40,AXISCADES,AXISCADES TECHNOLO,Commercial Services,Miscellaneous Commercial Services,NSE,INR,INE216H01027,309.85,17-Apr-23,Larger Cap,10002,20202010
41,KEEPLEARN,DSJ KEEP LEARNING,Commercial Services,Commercial Printing/Forms,NSE,INR,INE555B01013,3.7,17-Apr-23,Larger Cap,10002,20202010
42,QUADPRO,QUADPRO ITES LTD,Commercial Services,Miscellaneous Commercial Services,NSE,INR,INE055C01020,5,17-Apr-23,Larger Cap,10002,20202010
43,CHOICEIN,CHOICE INTERNATIONAL LTD,Commercial Services,Miscellaneous Commercial Services,NSE,INR,INE0GOJ01027,309.7,17-Apr-23,Larger Cap,10002,20202010
44,CLEDUCATE,CL EDUCATE LTD,Commercial Services,Miscellaneous Commercial Services,NSE,INR,INE102B01014,54.45,17-Apr-23,Larger Cap,10002,20303010
45,ECLERX,ECLERX SERVICES,Commercial Services,Miscellaneous Commercial Services,NSE,INR,INE201M01029,1315.5,17-Apr-23,Larger Cap,10002,20303010
46,FCSSOFT,FCS SOFTWARE SOLUT,Commercial Services,Miscellaneous Commercial Services,NSE,INR,INE738I01010,2.15,17-Apr-23,Larger Cap,10002,20303010
47,TCPLPACK,TCPL PACKAGING LTD,Commercial Services,Commercial Printing/Forms,NSE,INR,INE512B01022,1454.85,17-Apr-23,Larger Cap,10002,20303010
48,TOUCHWOOD,TOUCHWOOD ENTERTAI,Commercial Services,Miscellaneous Commercial Services,NSE,INR,INE822C01015,227.35,17-Apr-23,Larger Cap,10002,20303010
49,NBCC,NBCC (INDIA) LTD,Commercial Services,Miscellaneous Commercial Services,NSE,INR,INE486Y01013,39.1,17-Apr-23,Larger Cap,10001,20305020
50,EXCEL,EXCEL REALTY N INF,Commercial Services,Miscellaneous Commercial Services,NSE,INR,INE095N01031,889.65,17-Apr-23,Larger Cap,10002,20305020
51,KANDARP,KANDARP DIGI SMART,Commercial Services,Miscellaneous Commercial Services,NSE,INR,INE688J01023,18,17-Apr-23,Larger Cap,10002,20305020
52,SECURCRED,SECUR CREDENTIALS LTD,Commercial Services,Financial Publishing/Services,NSE,INR,INE0MOT01016,22.2,17-Apr-23,Larger Cap,10002,20305020
53,DJML,DJ MEDIAPRINT & LOG LTD,Commercial Services,Commercial Printing/Forms,NSE,INR,INE195Y01010,62.6,17-Apr-23,Larger Cap,10002,20305020
54,MITCON,MITCON CON,Commercial Services,Miscellaneous Commercial Services,NSE,INR,INE0B1K01014,73.3,17-Apr-23,Larger Cap,10002,25102020
55,CARERATING,CARE RATINGS LTD,Commercial Services,Financial Publishing/Services,NSE,INR,INE0B1K01014,667.5,17-Apr-23,Larger Cap,10002,25102020
56,ADROITINFO,ADROIT INFOTECH LTD,Commercial Services,Miscellaneous Commercial Services,NSE,INR,INE828O01033,26.45,17-Apr-23,Larger Cap,10002,25102020
57,RMCL,RADHA MADHAV CORP,Commercial Services,Miscellaneous Commercial Services,NSE,INR,INE752H01013,122.8,17-Apr-23,Larger Cap,10002,25102020
58,ADL,ARCHIDPLY DECOR LIMTED,Commercial Services,Miscellaneous Commercial Services,NSE,INR,INE737B01033,63.5,17-Apr-23,Larger Cap,10002,25201040
59,HGS,HINDUJA GLOBAL SOL,Commercial Services,Miscellaneous Commercial Services,NSE,INR,INE172H01014,1055.8,17-Apr-23,Larger Cap,10002,25201050
60,WEWIN,WE WIN LTD,Commercial Services,Miscellaneous Commercial Services,NSE,INR,INE0CHO01012,42.66,17-Apr-23,Larger Cap,10002,25201050
61,IPSL,INTEGRATED PERSONN,Commercial Services,Personnel Services,NSE,INR,INE170I01016,83.75,17-Apr-23,Larger Cap,10002,25201050
62,DGCONTENT,DIGICONTENT LTD,Commercial Services,Commercial Printing/Forms,NSE,INR,INE082W01014,14.3,17-Apr-23,Larger Cap,10002,25201050
63,AARVI,AARVI ENCON LTD,Commercial Services,Personnel Services,NSE,INR,INE02EE01019,133.6,17-Apr-23,Larger Cap,10002,25201050
64,SNOWMAN,SNOWMAN LOGISTICS,Commercial Services,Miscellaneous Commercial Services,NSE,INR,INE03JI01017,33.1,17-Apr-23,Larger Cap,10001,25301010
65,ALLSEC,ALLSEC TECHNOLOGIE,Commercial Services,Miscellaneous Commercial Services,NSE,INR,INE754X01016,476.85,17-Apr-23,Larger Cap,10002,25301020
66,LATENTVIEW,LATENT VIEW ANALYTICS LTD,Commercial Services,Miscellaneous Commercial Services,NSE,INR,INE734N01019,358.7,17-Apr-23,Larger Cap,10000,25301020
102,ABSLAMC,Aditya Birla Sun Life Mutual Fund,Finance ,Multi-Line Insurance,NSE ,INR,INE404A01024,339.7,2/5/2023,Large cap,40003,35203010
103,KOTAKBANK,Kotak Mutual  Fund,Finance ,Major Banks,NSE ,INR,INE237A01028,1923.8,2/5/2023,Large cap,40004,35203010
104,LT,L & T Mutual Fund,Finance ,Investment Banks/Brokers,NSE ,INR,INE018A01030,2386.7,2/5/2023,Large cap,40004,20201060
105,TNIDETF,TATA Mutual Fund,Finance ,Investment Banks/Brokers,NSE ,INR,INF277KA1364,54.01,2/5/2023,Large cap,40004,20201060
106,NAM-INDIA,Nippon  India Mutual Fund,Finance ,Investment Banks/Brokers,BSE,INR,INE298J01013,238.38,2/5/2023,Large cap,40005,20201060
107,SUNDARAM,Sundaram Mutual Fund,Finance ,Finance/Rental/Leasing,NSE ,INR,INE108E01023,2339.9,2/5/2023,Large cap,40006,20201060
108,DSPN50ETF,DSP BlackRock Mutual Fund,Finance ,Multi-Line Insurance,NSE,INR,INF740KA1CL0,183.74,2/5/2023,Large cap,40007,20201060
109,SUNTECK,Sunteck Realty Ltd,Finance,Real Estate Development,NSE ,INR,INE805D01034,299.55,2/5/2023,Large cap,50001,20107010
110,BRIGADE,Brigade Enterprises Ltd,Finance ,Real Estate Development,NSE ,INR,INE791I01019,509.5,2/5/2023,Large cap,50001,20107010
111,PHOENIXLTD,Phoenix Mills Ltd,Finance,Real Estate Development,NSE ,INR,INE211B01039,1450,2/5/2023,Large cap,50001,20107010
112,OMAXE,Omaxe ltd,Finance,Real Estate Development,NSE ,INR,INE800H01010,54.3,2/5/2023,Large cap,50001,20107010
113,GODREJPROP,Godrej Properties Ltd,Consumer Non-Durables,Household/Personal Care,NSE ,INR,INE484J01027,1328.95,2/5/2023,Large cap,50002,20104020
114,OBEROIRLTY,Oberoi Realty Ltd,Finance,Real Estate Development,NSE ,INR,INE093I01010,916.9,2/5/2023,Large cap,50002,20104020
115,IBREALEST,Indiabulls Real Estate Ltd,Finance,Real Estate Development,NSE ,INR,INE069I01010,73.25,2/5/2023,Large cap,50002,20104020
116,NBCC,NBCC India Ltd,Commercial Services,Miscellaneous Commercial Services,NSE ,INR,INE095N01031,40.1,2/5/2023,Large cap,50002,20104020
117,PRESTIGE,Prestige Estates Projects Ltd,Finance,Real Estate Development,NSE ,INR,INE811K01011,484.7,2/5/2023,Large cap,50002,20104020
118,DLF,DLF Ltd,Finance,Real Estate Development,NSE,INR,INE271C01023,424.75,2/5/2023,Large cap,50001,20104020
119,TITAN,Titan Company,Consumer Durables,Other Consumer Specialties,NSE,INR,INE280A01028,2668.6,2/5/2023,Large cap,60001,15104030
120,MUTHOOTFIN,Muthoot Finance Ltd,Finance,Finance/Rental/Leasing,NSE,INR,INE414G01012,1026.6,2/5/2023,Large cap,60001,15104030
121,RAJESHEXPO,Rajesh Exports,Consumer Durables,Other Consumer Specialties,NSE,INR,INE343B01030,552.8,2/5/2023,Large cap,60001,15104030
122,KALYANKJIL,Kalyan Jewellers,Finance,Financial Conglomerates,NSE,INR,INE303R01014,105.4,2/5/2023,Large cap,60001,15104030
123,MANAPPURAM,Manappuram Finance  Ltd,Finance,Finance/Rental/Leasing,NSE,INR,INE522D01027,129.65,2/5/2023,Large cap,60001,15104030
124,VAIBHAVGBL,Vaibhav Global,Consumer Durables,Consumer Durables,NSE,INR,INE884A01027,317.65,2/5/2023,Large cap,60001,15104030
,,,,,,,,,,,,
,,,,,,,,,,,,
,,,,,,,,,,,,
,,,,,,,,,,,,
,,,,,,,,,,,,
,,,,,,,,,,,,
,,,,,,,,,,,,
,,,,,,,,,,,,
,,,,,,,,,,,,
,,,,,,,,,,,,
,,,,,,,,,,,,
