﻿Industry Group Id,Industry Group
1010,Energy & Gas
1510,Materials & Chemicals
2010,Capital Goods
2020,Commercial & Professional Services
2030,Transportation
2510,Automobiles & Components
2520,Consumer Durables & Apparel
2530,Consumer Services
2550,Consumer Discretionary Distribution & Retail
3010,Consumer Staples Distribution & Retail
3020,Food  Beverage & Tobacco
3030,Household & Personal Products
3510,Health Care Equipment & Services
3520,Pharmaceuticals  Biotechnology & Life Sciences
