﻿Industry Id,Industry Name
101010,Energy Equipment & Services
101020,Oil Gas & Consumable Fuels
151010,Chemicals
151020,Construction Materials
151030,Containers & Packaging
151040,Metals & Mining
151050,Paper & Forest Products
201010,Aerospace & Defense
201020,Building Products
201030,Construction & Engineering
201040,Electrical Equipment
201040,Electrical Equipment
201050,Industrial Conglomerates
201060,Machinery
201070,Trading Companies & Distributors
202010,Commercial Services & Supplies
202020,Professional Services
203010,Air Freight & Logistics
203020,Passenger Airlines
203030,Marine Transportation
203040,Ground Transportation
203050,Transportation Infrastructure
251010,Automobile Components
251020,Automobiles
252010,Household Durables
252020,Leisure Products
252030,Textiles  Apparels & Luxury Goods
253010,Hotels  Restaurants & Leisure
253020,Diversified Consumer Services
255010,Distributors
255030,Broadline Retail
255040,Specialty Retail
301010,Consumer Staples Distribution & Retail
302010,Beverages
302020,Food Products
302030,Tobacco
303010,Household Products
303020,Personal Care Products
351010,Health Care Equipment & Supplies
351020,Health Care Providers & Services
351030,Health Care Technology
352010,Biotechnology
352020,Pharmaceuticals
352030,Life Sciences Tools & Services
