﻿Id,Symbol,Last Price,Time Stamp
1,LTIM,4285.15 INR,17-Apr-23
2,GLOBAL,157.40 INR,17-Apr-23
3,VERANDA,196.2  INR,17-Apr-23
4,AGRITECH,94.15 INR,17-Apr-23
5,RITES,346.70 INR,17-Apr-23
6,FSL,112.80 INR,17-Apr-23
7,SIS,371.15 INR,17-Apr-23
8,SYNGENE,618.90 INR,17-Apr-23
9,RADIANTCMS,97.15 INR,17-Apr-23
10,CAREERP,238.90 INR,17-Apr-23
11,ARSHIYA,6.00 INR,17-Apr-23
12,ARIHANTACA,115.00 INR,17-Apr-23
13,SPCENET,18.10 INR,17-Apr-23
14,DUGLOBAL,169.00 INR,17-Apr-23
15,REPRO,380.25 INR,17-Apr-23
16,KAPSTON,137.00 INR,17-Apr-23
17,VIMTALABS,357.00 INR,17-Apr-23
18,PRESSMN,79.05 INR,17-Apr-23
19,MAPMYINDIA,"1,016.00 INR",17-Apr-23
20,ICRA,4769.95 INR,17-Apr-23
21,VERTOZ,214.95 INR,17-Apr-23
22,AGSTRA,51.35 INR,17-Apr-23
23,TEAMLEASE,"2,176.50 INR",17-Apr-23
24,SUVIDHAA,4.45 INR,17-Apr-23
25,AISL,42.00 INR,17-Apr-23
26,RTNINDIA,38.55 INR,17-Apr-23
27,NOIDATOLL,6.85 INR,17-Apr-23
28,KHFM,38.35 INR,17-Apr-23
29,4THDIM,29.85 INR,17-Apr-23
30,INFIBEAM,13.65 INR,17-Apr-23
31,ONEPOINT,18.55 INR,17-Apr-23
32,SMARTFIN,7.02 INR,17-Apr-23
33,DYNAMIC,63.00 INR ,17-Apr-23
34,NIITLTD,359.40 INR,17-Apr-23
35,ANTGRAPHIC,0.70 INR,17-Apr-23
36,APTECHT,404.40 INR,17-Apr-23
37,QUESS,363.75 INR,17-Apr-23
38,CYIENT,1068.70 INR,17-Apr-23
39,VERTEXPLUS.ST,105.90 INR,17-Apr-23
40,EDUCOMP,1.65 INR,17-Apr-23
41,AXISCADES,309.85 INR,17-Apr-23
42,KEEPLEARN,3.70 INR,17-Apr-23
43,QUADPRO,5.00 INR,17-Apr-23
44,CHOICEIN,309.70 INR,17-Apr-23
45,CLEDUCATE,54.45 INR,17-Apr-23
46,ECLERX,1315.50 INR,17-Apr-23
47,FCSSOFT,2.15 INR,17-Apr-23
48,TCPLPACK,1454.85 INR,17-Apr-23
49,TOUCHWOOD,227.35 INR,17-Apr-23
50,NBCC,39.10 INR,17-Apr-23
51,EXCEL,889.65 INR,17-Apr-23
52,KANDARP,18.00 INR,17-Apr-23
53,SECURCRED,22.20 INR,17-Apr-23
54,DJML,62.60 INR,17-Apr-23
55,MITCON,73.30 INR,17-Apr-23
56,CARERATING,667.50 INR,17-Apr-23
57,ADROITINFO,26.45 INR,17-Apr-23
58,RMCL,122.80 INR,17-Apr-23
59,ADL,63.50 INR,17-Apr-23
60,HGS,1055.80 INR,17-Apr-23
61,WEWIN,42.66 INR,17-Apr-23
62,IPSL,83.75 INR,17-Apr-23
63,DGCONTENT,14.30 INR,17-Apr-23
64,AARVI,133.60 INR,17-Apr-23
65,SNOWMAN,33.10 INR,17-Apr-23
66,ALLSEC,476.85 INR,17-Apr-23
67,LATENTVIEW,358.70 INR,17-Apr-23
68,BNRUDY,49.76 INR,17-Apr-23
69,SUPRAP,20.37 INR,17-Apr-23
70,ESHAMEDIA,4.75 INR,17-Apr-23
71,NETLINK,60.70 INR,17-Apr-23
72,SHANGAR,3.28 INR,17-Apr-23
73,MAJESAUT,137.35 INR,17-Apr-23
74,KINETRU,8.60 INR,17-Apr-23
75,VISVEN,78.86 INR,17-Apr-23
76,CASPIAN,21.96 INR,17-Apr-23
77,DAPS,18.79 INR,17-Apr-23
78,BODHTREE,6.40 INR,17-Apr-23
79,JAYKAY,52.00 INR,17-Apr-23
80,GGPL,7.39 INR,17-Apr-23
81,ALPHALOGIC,39.00 INR,17-Apr-23
82,KIRANPR,5.50 INR,17-Apr-23
83,CHOKSILA,35.47 INR,17-Apr-23
84,AMBITION,5.50 INR,17-Apr-23
85,CIL,227.35 INR,17-Apr-23
86,PREMCAP,4.74 INR,17-Apr-23
87,SHARIKA,5.45 INR,17-Apr-23
88,LIBORDFIN,6.68 INR,17-Apr-23
89,SEIL,82.25 INR,17-Apr-23
90,POBS,173.00 INR,17-Apr-23
91,VKAL,227.30 INR,17-Apr-23
92,UNICK,39.80 INR,17-Apr-23
93,SUGALDAM,15.56 INR,17-Apr-23
94,MADHUVEER,12.20 INR ,17-Apr-23
95,ATHARVENT,2.880 INR ,17-Apr-23
96,MAAGHADV,19.69 INR,17-Apr-23
97,PRISMX,2.28 INR,17-Apr-23
98,ISTRNETWK,1.99 INR,17-Apr-23
99,PROCLB,6.53 INR,17-Apr-23
