﻿Sub Industry Id,Sub Industry Name,IndustryId,IndustryGroupId,SectorId
10101010,Oil & Gas Drilling,101010,1010,10
10101020,Oil & Gas Equipment & Services,101010,1010,10
10102010,Integrated Oil & Gas,101020,1010,10
10102020,Oil & Gas Exploration & Production,101020,1010,10
10102030,Oil & Gas Refining & Marketing,101020,1010,10
10102040,Oil & Gas Storage & Transportation,101020,1010,10
10102050,Coal & Consumable Fuels,101020,1010,10
15101010,Commodity Chemicals,151010,1510,15
15101020,Diversified Chemicals,151010,1510,15
15101030,Fertilizers & Agricultural Chemicals,151010,1510,15
15101040,Industrial Gases,151010,1510,15
15101050,Specialty Chemicals,151010,1510,15
15102010,Construction Materials,151020,1510,15
15103010,Metal  Glass & Plastic Containers,151030,1510,15
15103020,Paper & Plastic Packaging Products & Materials,151030,1510,15
15104010,Aluminum,151040,1510,15
15104020,Diversified Metals & Mining,151040,1510,15
15104025,Copper,151040,1510,15
15104030,Gold,151040,1510,15
15104040,Precious Metals & Minerals,151040,1510,15
15104045,Silver,151040,1510,15
15104050,Steel,151040,1510,15
15105010,Forest Products,151050,1510,15
15105020,Paper Products,151050,1510,15
20101010,Aerospace & Defense,201010,2010,20
20102010,Building Products,201020,2010,20
20103010,Construction & Engineering,201030,2010,20
20104010,Electrical Components & Equipment,201040,2010,20
20104020,Heavy Electrical Equipment,201040,2010,20
20105010,Industrial Conglomerates,201050,2010,20
20106010,Construction Machinery & Heavy Transportation Equipment,201060,2010,20
20106015,Agricultural & Farm Machinery,201060,2010,20
20106020,Industrial Machinery & Supplies & Components,201060,2010,20
20107010,Trading Companies & Distributors,201070,2010,20
20201010,Commercial Printing,202010,2020,20
20201050,Environmental & Facilities Services,202010,2020,20
20201060,Office Services & Supplies,202010,2020,20
20201070,Diversified Support Services,202010,2020,20
20201080,Security & Alarm Services,202010,2020,20
20202010,Human Resource & Employment Services,202020,2020,20
20202020,Research & Consulting Services,202020,2020,20
20202030,Data Processing & Outsourced Services,202020,2020,20
20301010,Air Freight & Logistics,203010,2030,20
20302010,Passenger Airlines,203020,2030,20
20303010,Marine Transportation,203030,2030,20
20304010,Rail Transportation,203040,2030,20
20304030,Cargo Ground Transportation,203040,2030,20
20304040,Passenger Ground Transportation,203040,2030,20
20305010,Airport Services,203050,2030,20
20305020,Highways & Railtracks,203050,2030,20
20305030,Marine Ports & Services,203050,2030,20
25101010,Automotive Parts & Equipment,251010,2510,25
25101020,Tires & Rubber,251010,2510,25
25102010,Automobile Manufacturers,251020,2510,25
25102020,Motorcycle Manufacturers,251020,2510,25
25201010,Consumer Electronics,252010,2520,25
25201020,Home Furnishing,252010,2520,25
25201030,Homebuilding,252010,2520,25
25201040,Household Appliances,252010,2520,25
25201050,Housewares & Specialties,252010,2520,25
25202010,Leisure Products,252020,2520,25
25203010,Apparel  Accessories & Luxury Goods,252030,2520,25
25203020,Footwear,252030,2520,25
25203030,Textiles,252030,2520,25
25301010,Casinos&Gaming,253010,2530,25
25301020,Hotels  Resorts & Cruise Lines,253010,2530,25
25301030,Leisure Facilities,253010,2530,25
25301040,Restaurants,253010,2530,25
25302010,Education Services,253020,2530,25
25302020,Specialized Consumer Services,253020,2530,25
25501010,Distributors,255010,2550,25
25503030,Broadline Retail,255030,2550,25
25504010,Apparel Retail,255040,2550,25
25504020,Computer & Electronics Retail,255040,2550,25
25504030,Home Improvement Retail,255040,2550,25
25504040,Other Specialty Retail,255040,2550,25
25504050,Automotive Retail,255040,2550,25
25504060,Home Furnishing Retail,255040,2550,25
30101010,Drug Retail,301010,3010,30
30101020,Food Distributors,301010,3010,30
30101030,Food Retail,301010,3010,30
30101040,Consumer Staples Merchandise Retail,301010,3010,30
30201010,Brewers,302010,3020,30
30201020,Distillers and Vintners,302010,3020,30
30201030,Soft Drinks & Non-alcoholic Beverages,302010,3020,30
30202010,Agricultural products and Services,302020,3020,30
30202030,Packaged Food And Meats,302020,3020,30
30203010,Tobacco,302030,3020,30
30301010,Household Products,303010,3030,30
30302010,Personal Care Products,303020,3030,30
35101010,Health Care Equipment,351010,3510,35
35101020,Health Care Supplies,351010,3510,35
35102010,Health Care Distributors,351020,3510,35
35102015,Health Care Services,351020,3510,35
35102020,Health Care Facilities,351020,3510,35
35102030,Managed Health Care ,351020,3510,35
35103010,Health Care Technology,351030,3510,35
35201010,Biotechnology,352010,3520,35
35202010,Pharmaceuticals,352020,3520,35
35203010,Life Sciences Tools and Services ,352030,3520,35
